municipality_id,municipality_name,municipality_label,region_name,avg_lon,avg_lat,outage_records_count,first_seen_at,last_seen_at
103,,Municipalité 103,,-73.644554,45.482195,59,2026-03-30 14:24:45,2026-06-07 11:07:12
105,,Municipalité 105,,-73.685315,45.444864,200,2026-03-30 17:52:30,2026-07-03 06:28:29
107,,Municipalité 107,,-73.623495,45.426621,216,2026-03-31 11:45:58,2026-07-04 00:11:27
109,,Municipalité 109,,-73.500833,45.632366,12,2026-04-14 12:04:25,2026-06-28 13:39:23
111,,Municipalité 111,,-73.629618,45.599786,203,2026-03-30 17:52:30,2026-07-03 17:21:40
113,,Municipalité 113,,-73.64787,45.452855,5,2026-04-04 07:50:10,2026-07-03 06:28:29
115,,Municipalité 115,,-73.650006,45.515342,54,2026-03-30 14:24:45,2026-06-29 14:45:54
117,,Municipalité 117,,-73.610241,45.517138,128,2026-03-30 14:24:45,2026-06-30 17:04:25
119,,Municipalité 119,,-73.52542,45.658738,315,2026-03-31 13:12:19,2026-07-03 12:06:50
121,,Municipalité 121,,-73.699155,45.507722,293,2026-03-30 14:24:45,2026-07-03 12:06:50
127,,Municipalité 127,,-73.571351,45.458649,185,2026-03-30 14:24:45,2026-07-02 17:43:21
201,,Municipalité 201,,-73.563315,45.606609,103,2026-04-02 13:07:00,2026-07-02 19:19:32
203,,Municipalité 203,,-73.870321,45.429996,35,2026-03-30 14:24:45,2026-06-23 21:45:16
205,,Municipalité 205,,-73.913711,45.422154,46,2026-04-01 13:15:40,2026-06-27 00:03:12
217,,Municipalité 217,,-73.653421,45.47349,99,2026-04-04 05:55:04,2026-07-03 12:06:50
221,,Municipalité 221,,-73.818086,45.487605,200,2026-04-07 11:52:00,2026-07-04 00:11:27
223,,Municipalité 223,,-73.751672,45.455703,100,2026-03-31 11:45:58,2026-06-30 19:50:29
231,,Municipalité 231,,-73.744635,45.432649,5,2026-05-01 14:52:50,2026-05-01 19:16:29
235,,Municipalité 235,,-73.870825,45.450531,69,2026-04-02 13:07:00,2026-07-03 17:21:40
253,,Municipalité 253,,-73.838495,45.49513,184,2026-03-31 14:59:08,2026-07-03 21:01:21
255,,Municipalité 255,,-73.812811,45.454524,159,2026-04-01 15:01:48,2026-07-03 19:15:32
263,,Municipalité 263,,-73.806236,45.50651,34,2026-04-07 13:16:50,2026-07-04 05:46:45
265,,Municipalité 265,,-73.937084,45.422262,22,2026-04-01 11:51:29,2026-06-28 19:14:02
273,,Municipalité 273,,-73.868052,45.481044,10,2026-04-30 15:06:58,2026-07-04 05:46:45
283,,Municipalité 283,,-73.604865,45.585848,251,2026-04-01 13:15:40,2026-07-02 19:19:32
291,,Municipalité 291,,-73.883363,45.497392,95,2026-04-17 13:13:16,2026-07-03 09:54:18
297,,Municipalité 297,,-73.95299,45.415691,11,2026-04-29 15:10:34,2026-05-11 02:50:30
300,,Municipalité 300,,-73.59891,45.482042,2,2026-05-01 13:24:04,2026-06-03 13:13:43
1000,,Municipalité 1000,,-73.601511,45.526668,1975,2026-03-30 14:24:45,2026-07-04 05:46:45
1020,,Municipalité 1020,,-72.64814,45.028374,11,2026-05-24 13:19:40,2026-06-19 11:18:55
1023,,Municipalité 1023,,-72.568964,45.647276,26,2026-04-07 22:35:44,2026-07-04 05:46:45
1026,,Municipalité 1026,,-72.795557,45.260667,52,2026-04-05 15:29:24,2026-07-02 19:19:32
1033,,Municipalité 1033,,-78.170227,60.816126,1,2026-04-25 02:06:49,2026-04-25 02:06:49
1035,,Municipalité 1035,,-72.399178,48.875639,29,2026-04-09 19:01:51,2026-07-04 04:32:20
1047,,Municipalité 1047,,-76.179763,45.916198,73,2026-04-07 20:43:24,2026-06-30 17:04:25
1050,,Municipalité 1050,,-71.655097,48.539133,50,2026-04-05 07:02:08,2026-07-04 05:46:45
1053,,Municipalité 1053,,-74.828833,46.091099,128,2026-03-30 16:04:18,2026-07-03 22:58:54
1065,,Municipalité 1065,,-78.077941,48.552218,42,2026-04-03 12:58:21,2026-06-30 19:50:29
1068,,Municipalité 1068,,-67.460297,48.489428,24,2026-04-21 15:10:19,2026-07-03 19:15:32
1071,,Municipalité 1071,,-71.360741,46.806046,16,2026-03-30 17:52:30,2026-06-02 00:21:25
1077,,Municipalité 1077,,-72.919797,45.349324,25,2026-04-02 14:53:20,2026-07-03 09:54:18
1095,,Municipalité 1095,,-72.430854,46.212964,3,2026-05-05 23:01:40,2026-05-20 09:26:14
1101,,Municipalité 1101,,-70.589783,46.716017,24,2026-04-11 10:31:45,2026-07-01 11:58:30
1104,,Municipalité 1104,,-79.308572,48.181183,15,2026-03-31 18:58:59,2026-07-03 02:38:45
1119,,Municipalité 1119,,-74.614358,45.935397,12,2026-05-26 16:39:29,2026-07-03 21:01:21
1122,,Municipalité 1122,,-71.180127,48.417037,36,2026-04-01 13:15:40,2026-07-02 06:39:05
1125,,Municipalité 1125,,-71.917901,45.782309,46,2026-04-05 09:36:46,2026-07-03 02:38:45
1134,,Municipalité 1134,,-71.746557,45.431776,1,2026-06-13 12:23:10,2026-06-13 12:23:10
1143,,Municipalité 1143,,-70.726148,46.113516,5,2026-04-28 16:09:52,2026-07-02 10:07:59
1146,,Municipalité 1146,,-68.616075,47.736914,3,2026-04-20 16:06:20,2026-06-18 22:04:06
1149,,Municipalité 1149,,-70.688761,45.650708,1,2026-06-19 11:18:55,2026-06-19 11:18:55
1152,,Municipalité 1152,,-75.846821,46.476804,109,2026-04-03 17:32:08,2026-06-01 15:53:47
1159,,Municipalité 1159,,-72.260287,45.226463,110,2026-04-01 15:01:48,2026-07-02 17:43:21
1164,,Municipalité 1164,,-73.750776,45.627442,134,2026-04-02 14:53:20,2026-07-03 22:58:54
1173,,Municipalité 1173,,-78.883613,48.720006,1,2026-04-01 13:15:40,2026-04-01 13:15:40
1179,,Municipalité 1179,,-72.046048,45.170026,16,2026-03-30 17:52:30,2026-05-06 14:02:30
1185,,Municipalité 1185,,-75.84325,45.421356,534,2026-03-31 08:55:49,2026-07-03 21:01:21
1194,,Municipalité 1194,,-76.086146,45.960086,177,2026-03-30 14:24:45,2026-07-02 23:01:48
1195,,Municipalité 1195,,-74.118312,45.48489,6,2026-03-31 05:07:04,2026-06-11 12:42:32
1206,,Municipalité 1206,,-67.883057,48.72547,9,2026-07-03 12:06:50,2026-07-03 19:15:32
1209,,Municipalité 1209,,-73.870187,50.418208,17,2026-04-01 17:47:10,2026-06-22 17:28:40
1212,,Municipalité 1212,,-68.268631,49.236746,19,2026-04-08 20:48:56,2026-07-01 23:11:21
1215,,Municipalité 1215,,-64.500495,48.870834,2,2026-05-01 11:57:32,2026-05-23 00:04:05
1218,,Municipalité 1218,,-64.537226,48.809804,2,2026-07-02 06:39:05,2026-07-02 06:39:05
1224,,Municipalité 1224,,-62.810909,50.286006,1,2026-06-22 22:44:57,2026-06-22 22:44:57
1230,,Municipalité 1230,,-70.513622,47.436853,41,2026-04-14 14:48:49,2026-07-01 11:58:30
1233,,Municipalité 1233,,-67.339586,49.408006,7,2026-05-09 11:48:40,2026-07-03 17:21:40
1242,,Municipalité 1242,,-64.276923,48.627223,3,2026-03-30 14:24:45,2026-06-28 22:04:22
1245,,Municipalité 1245,,-71.739954,45.146236,4,2026-06-09 17:59:59,2026-06-17 12:56:37
1248,,Municipalité 1248,,-74.576617,45.994755,8,2026-05-20 19:22:01,2026-05-21 17:29:42
1251,,Municipalité 1251,,-71.874769,45.098408,52,2026-03-30 17:52:30,2026-07-02 17:43:21
1254,,Municipalité 1254,,-71.969186,45.100698,28,2026-04-07 15:05:40,2026-07-02 19:19:32
1257,,Municipalité 1257,,-77.640715,48.422725,16,2026-06-14 00:03:37,2026-07-02 23:01:48
1263,,Municipalité 1263,,-61.964636,47.22488,13,2026-03-31 13:12:19,2026-07-03 02:38:45
1275,,Municipalité 1275,,-70.760588,46.230403,35,2026-04-04 13:51:40,2026-07-04 05:46:45
1290,,Municipalité 1290,,-73.868811,45.305053,25,2026-04-19 02:26:37,2026-07-03 22:58:54
1299,,Municipalité 1299,,-71.117509,46.852532,23,2026-04-19 08:51:06,2026-06-18 12:22:09
1302,,Municipalité 1302,,-71.205869,46.876442,199,2026-03-30 14:24:45,2026-07-03 09:54:18
1308,,Municipalité 1308,,-70.902602,47.050561,5,2026-04-08 18:09:49,2026-06-04 03:41:10
1310,,Municipalité 1310,,-75.324262,46.54862,28,2026-04-13 14:45:14,2026-06-24 13:19:00
1314,,Municipalité 1314,,-72.370462,46.330748,97,2026-04-06 16:42:46,2026-07-03 19:15:32
1323,,Municipalité 1323,,-72.981262,45.123504,15,2026-04-15 15:04:01,2026-06-17 23:42:40
1326,,Municipalité 1326,,-72.946703,45.131966,12,2026-04-07 22:35:44,2026-06-14 23:05:36
1341,,Municipalité 1341,,-71.320346,48.642702,16,2026-03-31 16:10:30,2026-06-25 05:02:14
1347,,Municipalité 1347,,-78.953175,48.108927,11,2026-04-08 13:15:26,2026-05-30 15:03:41
1353,,Municipalité 1353,,-74.057228,45.783959,125,2026-04-07 15:05:40,2026-07-03 06:28:29
1355,,Municipalité 1355,,-78.684451,47.359806,31,2026-04-05 05:09:39,2026-07-04 00:11:27
1359,,Municipalité 1359,,-73.210127,45.578479,48,2026-04-02 14:53:20,2026-07-02 12:54:46
1374,,Municipalité 1374,,-69.507666,48.259389,3,2026-05-12 17:07:50,2026-05-28 14:35:25
1377,,Municipalité 1377,,-71.386115,46.680736,33,2026-04-06 13:04:03,2026-07-02 02:55:23
1383,,Municipalité 1383,,-68.653899,48.943509,2,2026-04-08 18:09:49,2026-06-30 14:11:56
1386,,Municipalité 1386,,-70.714733,46.935957,26,2026-04-21 15:10:19,2026-06-17 23:42:40
1389,,Municipalité 1389,,-73.176888,46.083401,11,2026-05-05 18:08:18,2026-06-29 19:52:15
1395,,Municipalité 1395,,-72.405699,45.450621,14,2026-04-05 08:39:31,2026-05-20 19:22:01
1401,,Municipalité 1401,,-68.715496,48.359567,5,2026-05-02 11:42:23,2026-06-29 10:50:47
1404,,Municipalité 1404,,-68.624591,47.945035,7,2026-03-31 17:54:54,2026-06-28 20:57:54
1410,,Municipalité 1410,,-71.359291,46.05257,4,2026-04-25 07:10:56,2026-05-21 14:13:17
1413,,Municipalité 1413,,-73.856972,45.669988,394,2026-03-30 17:52:30,2026-07-04 05:46:45
1419,,Municipalité 1419,,-57.140904,51.426044,20,2026-04-02 14:53:20,2026-06-08 03:40:05
1421,,Municipalité 1421,,-76.069079,46.202206,181,2026-03-31 17:54:54,2026-07-02 17:43:21
1427,,Municipalité 1427,,-75.924103,46.508638,31,2026-04-24 13:17:29,2026-05-31 23:03:26
1430,,Municipalité 1430,,-73.763294,45.672358,34,2026-04-16 14:53:03,2026-07-03 22:58:54
1439,,Municipalité 1439,,-72.337843,45.21941,92,2026-04-02 14:53:20,2026-06-28 17:05:38
1442,,Municipalité 1442,,-72.447718,45.211408,92,2026-04-05 07:02:08,2026-06-19 06:14:49
1445,,Municipalité 1445,,-65.486483,48.052686,1,2026-06-30 17:04:25,2026-06-30 17:04:25
1448,,Municipalité 1448,,-72.26201,45.389398,29,2026-03-30 22:32:57,2026-06-08 17:20:43
1450,,Municipalité 1450,,-72.84755,46.996798,12,2026-04-11 23:30:42,2026-06-23 08:29:52
1460,,Municipalité 1460,,-73.437401,45.597989,187,2026-03-30 18:56:23,2026-07-04 05:46:45
1472,,Municipalité 1472,,-75.897389,46.207772,153,2026-04-28 16:09:52,2026-06-27 20:58:58
1475,,Municipalité 1475,,-71.402127,48.533101,4,2026-04-25 16:37:54,2026-05-31 23:03:26
1484,,Municipalité 1484,,-75.648435,45.915896,80,2026-04-02 14:53:20,2026-07-02 21:01:52
1493,,Municipalité 1493,,-74.673171,46.079575,53,2026-04-17 19:58:09,2026-07-03 17:21:40
1496,,Municipalité 1496,,-64.287097,48.547713,1,2026-06-23 17:16:40,2026-06-23 17:16:40
1499,,Municipalité 1499,,-76.385329,45.557228,169,2026-04-01 05:21:53,2026-07-02 10:07:59
1502,,Municipalité 1502,,-72.58435,45.18589,1,2026-06-15 03:56:11,2026-06-15 03:56:11
1505,,Municipalité 1505,,-72.54955,45.227391,240,2026-03-31 07:09:22,2026-07-02 23:01:48
1508,,Municipalité 1508,,-72.678314,45.30383,152,2026-04-05 02:09:19,2026-07-03 19:15:32
1529,,Municipalité 1529,,-71.944177,45.477849,19,2026-04-16 23:37:34,2026-06-23 21:45:16
1535,,Municipalité 1535,,-73.468604,45.45669,311,2026-04-01 15:01:48,2026-07-03 17:21:40
1553,,Municipalité 1553,,-76.625696,45.705503,55,2026-03-30 18:56:23,2026-07-02 19:19:32
1562,,Municipalité 1562,,-75.426982,45.578985,88,2026-04-09 13:21:31,2026-07-02 10:07:59
1571,,Municipalité 1571,,-71.532772,45.528943,39,2026-04-21 20:01:12,2026-07-02 12:54:46
1577,,Municipalité 1577,,-68.917629,47.641959,6,2026-04-21 15:10:19,2026-06-25 17:09:44
1580,,Municipalité 1580,,-78.407874,48.23746,16,2026-05-03 20:39:20,2026-06-20 08:50:07
1586,,Municipalité 1586,,-74.660114,45.659369,5,2026-06-06 22:59:45,2026-07-01 23:11:21
1592,,Municipalité 1592,,-76.597721,45.731249,8,2026-04-09 13:21:31,2026-07-02 17:43:21
1617,,Municipalité 1617,,-75.764872,45.551974,165,2026-04-01 15:01:48,2026-07-02 21:01:52
1634,,Municipalité 1634,,-64.373173,48.432955,6,2026-04-23 20:49:13,2026-06-29 17:33:07
1637,,Municipalité 1637,,-66.074076,48.969343,13,2026-05-04 19:25:28,2026-05-13 22:08:03
1646,,Municipalité 1646,,-61.857657,47.382938,1,2026-04-09 17:04:36,2026-04-09 17:04:36
1649,,Municipalité 1649,,-66.704514,49.06453,13,2026-04-12 09:42:39,2026-07-03 19:15:32
1652,,Municipalité 1652,,-72.539642,46.381096,105,2026-03-30 16:04:18,2026-07-02 17:43:21
1658,,Municipalité 1658,,-71.767462,46.675895,5,2026-04-24 16:55:57,2026-06-29 14:45:54
1661,,Municipalité 1661,,-70.427554,47.014675,38,2026-03-31 13:12:19,2026-07-02 21:01:52
1664,,Municipalité 1664,,-65.625864,48.085602,4,2026-05-03 10:01:38,2026-06-19 17:21:03
1670,,Municipalité 1670,,-73.3354,45.43777,57,2026-03-31 17:54:54,2026-07-03 17:21:40
1694,,Municipalité 1694,,-66.113046,48.121057,8,2026-04-08 18:09:49,2026-06-10 12:54:08
1695,,Municipalité 1695,,-73.517205,45.389404,60,2026-04-14 12:04:25,2026-07-03 06:28:29
1697,,Municipalité 1697,,-73.677405,45.388936,38,2026-04-01 17:47:10,2026-06-30 14:11:56
1715,,Municipalité 1715,,-67.226666,48.393477,11,2026-03-31 13:12:19,2026-07-04 00:11:27
1718,,Municipalité 1718,,-73.286229,45.442237,152,2026-03-30 17:52:30,2026-07-03 15:07:52
1736,,Municipalité 1736,,-72.072075,48.440764,12,2026-04-09 17:04:36,2026-06-25 14:25:02
1739,,Municipalité 1739,,-72.380183,46.422762,1,2026-06-17 12:56:37,2026-06-17 12:56:37
1748,,Municipalité 1748,,-64.68374,48.349128,4,2026-04-15 15:04:01,2026-06-18 12:22:09
1751,,Municipalité 1751,,-74.848481,49.776975,8,2026-04-05 05:09:39,2026-04-05 13:53:26
1754,,Municipalité 1754,,-72.884147,46.422345,4,2026-05-24 17:59:26,2026-05-24 20:52:12
1757,,Municipalité 1757,,-73.485505,45.717225,24,2026-04-18 20:33:02,2026-07-02 15:12:17
1769,,Municipalité 1769,,-71.275884,46.870448,179,2026-03-31 14:59:08,2026-07-03 12:06:50
1778,,Municipalité 1778,,-71.259522,46.719482,12,2026-04-03 20:33:10,2026-06-13 03:25:07
1781,,Municipalité 1781,,-71.030117,47.034038,25,2026-03-30 18:56:23,2026-06-26 22:09:34
1784,,Municipalité 1784,,-73.73943,45.358333,201,2026-04-01 17:47:10,2026-07-04 05:46:45
1796,,Municipalité 1796,,-74.431756,45.660348,137,2026-03-31 14:59:08,2026-07-03 21:01:21
1802,,Municipalité 1802,,-75.044533,45.869112,6,2026-05-26 19:17:39,2026-07-04 00:11:27
1814,,Municipalité 1814,,-73.861411,46.118292,118,2026-04-16 14:53:03,2026-07-03 12:06:50
1817,,Municipalité 1817,,-71.658541,46.0061,8,2026-04-19 20:34:23,2026-06-07 11:07:12
1835,,Municipalité 1835,,-71.775128,45.951354,15,2026-04-10 18:47:40,2026-07-01 21:24:44
1841,,Municipalité 1841,,-59.635729,50.463953,2,2026-04-06 11:46:24,2026-04-06 13:04:03
1844,,Municipalité 1844,,-74.108112,50.029451,30,2026-04-09 19:01:51,2026-07-03 06:28:29
1850,,Municipalité 1850,,-71.072537,48.422791,315,2026-03-30 16:04:18,2026-07-03 21:01:21
1852,,Municipalité 1852,,-78.901587,53.785256,8,2026-04-01 17:47:10,2026-05-14 14:03:32
1856,,Municipalité 1856,,-73.745979,45.556185,513,2026-03-30 14:24:45,2026-07-04 00:11:27
1868,,Municipalité 1868,,-66.145783,49.202378,2,2026-05-05 18:08:18,2026-05-05 20:05:27
1871,,Municipalité 1871,,-75.223447,46.681114,31,2026-04-14 14:48:49,2026-06-22 20:41:40
1877,,Municipalité 1877,,-73.900072,45.541484,124,2026-04-01 15:01:48,2026-07-03 21:01:21
1889,,Municipalité 1889,,-76.474292,45.658411,241,2026-04-01 13:15:40,2026-07-02 23:01:48
1890,,Municipalité 1890,,-77.178489,45.965443,60,2026-04-06 19:51:35,2026-06-30 19:50:29
1895,,Municipalité 1895,,-78.95332,48.360241,2,2026-05-11 13:46:29,2026-06-18 19:24:50
1901,,Municipalité 1901,,-70.243118,47.70802,10,2026-04-16 14:53:03,2026-06-10 19:32:19
1904,,Municipalité 1904,,-79.380079,48.691121,5,2026-05-24 13:19:40,2026-06-28 17:05:38
1907,,Municipalité 1907,,-72.092854,45.713586,38,2026-04-05 07:02:08,2026-06-29 14:45:54
1925,,Municipalité 1925,,-79.16294,48.051386,3,2026-03-30 14:24:45,2026-04-09 15:20:27
1928,,Municipalité 1928,,-71.770696,45.05696,3,2026-05-30 04:50:50,2026-06-27 00:03:12
1931,,Municipalité 1931,,-68.836613,48.877894,7,2026-04-19 18:43:43,2026-05-15 11:53:27
1943,,Municipalité 1943,,-71.800447,45.229095,39,2026-03-31 10:04:46,2026-06-29 05:28:05
1955,,Municipalité 1955,,-73.221035,45.872717,18,2026-04-09 13:21:31,2026-07-02 19:19:32
1961,,Municipalité 1961,,-71.633147,45.413585,19,2026-04-02 13:07:00,2026-06-28 04:23:32
1964,,Municipalité 1964,,-74.346032,49.665884,4,2026-05-20 09:26:14,2026-06-11 16:52:01
1967,,Municipalité 1967,,-74.177064,45.30022,24,2026-04-08 16:58:14,2026-06-30 23:08:18
1970,,Municipalité 1970,,-74.222368,45.271762,8,2026-04-14 14:48:49,2026-06-30 08:35:15
1973,,Municipalité 1973,,-71.047324,45.916598,5,2026-04-20 16:06:20,2026-06-27 00:03:12
1982,,Municipalité 1982,,-72.734246,45.207813,106,2026-04-04 01:56:00,2026-07-02 17:43:21
1985,,Municipalité 1985,,-73.477441,45.969049,4,2026-04-20 21:43:16,2026-05-26 21:41:14
1994,,Municipalité 1994,,-79.043269,48.347692,20,2026-04-07 11:52:00,2026-06-04 14:52:28
2000,,Municipalité 2000,,-72.020775,45.772957,93,2026-04-03 15:37:36,2026-07-03 21:01:21
2009,,Municipalité 2009,,-72.039158,45.335716,25,2026-04-01 15:01:48,2026-06-20 23:04:37
2018,,Municipalité 2018,,-75.845646,46.371429,96,2026-04-18 23:31:51,2026-06-04 20:01:21
2021,,Municipalité 2021,,-71.667352,48.648647,26,2026-04-30 20:57:23,2026-07-02 23:01:48
2024,,Municipalité 2024,,-73.549388,45.379833,33,2026-04-04 04:18:06,2026-07-01 08:08:39
2042,,Municipalité 2042,,-75.777264,45.826093,31,2026-04-03 22:30:04,2026-06-21 22:11:35
2057,,Municipalité 2057,,-72.024023,48.417562,1,2026-04-09 15:20:27,2026-04-09 15:20:27
2063,,Municipalité 2063,,-72.099603,46.545458,12,2026-05-02 17:41:03,2026-06-27 04:50:48
2066,,Municipalité 2066,,-71.976329,46.646176,4,2026-05-08 20:56:46,2026-05-16 19:02:05
2081,,Municipalité 2081,,-78.988279,48.534562,1,2026-06-25 17:09:44,2026-06-25 17:09:44
2087,,Municipalité 2087,,-71.426556,45.941905,4,2026-03-31 07:09:22,2026-06-10 16:33:27
2090,,Municipalité 2090,,-71.35351,45.899193,11,2026-04-03 09:50:30,2026-04-03 16:36:54
2096,,Municipalité 2096,,-71.758182,45.064635,21,2026-04-11 13:54:08,2026-06-20 19:20:38
2099,,Municipalité 2099,,-72.2345,48.869291,14,2026-04-04 15:28:38,2026-07-03 06:28:29
2102,,Municipalité 2102,,-71.720668,46.674203,29,2026-04-03 14:03:39,2026-07-03 06:28:29
2108,,Municipalité 2108,,-76.244769,46.137231,146,2026-03-31 10:04:46,2026-07-03 06:28:29
2111,,Municipalité 2111,,-64.342913,48.753729,1,2026-07-03 09:54:18,2026-07-03 09:54:18
2117,,Municipalité 2117,,-72.500413,45.874885,109,2026-04-02 13:07:00,2026-07-02 17:43:21
2132,,Municipalité 2132,,-77.938779,48.122566,20,2026-04-22 13:20:49,2026-06-29 10:50:47
2135,,Municipalité 2135,,-71.618251,45.545789,14,2026-05-17 16:57:17,2026-06-30 17:04:25
2138,,Municipalité 2138,,-75.095168,46.074191,40,2026-04-02 09:59:03,2026-07-04 05:46:45
2141,,Municipalité 2141,,-79.448349,47.339734,5,2026-04-08 13:15:26,2026-06-30 11:43:19
2147,,Municipalité 2147,,-70.004022,48.180318,13,2026-04-03 23:31:14,2026-06-26 16:13:13
2150,,Municipalité 2150,,-74.499988,45.022375,16,2026-04-09 17:04:36,2026-07-02 02:55:23
2156,,Municipalité 2156,,-72.774167,45.137183,74,2026-03-30 14:24:45,2026-07-03 21:01:21
2168,,Municipalité 2168,,-79.223974,48.503282,5,2026-04-08 13:15:26,2026-07-03 21:01:21
2174,,Municipalité 2174,,-72.321333,45.664254,19,2026-05-24 23:57:33,2026-06-19 00:23:53
2180,,Municipalité 2180,,-73.646226,45.622402,122,2026-03-30 16:04:18,2026-07-03 12:06:50
2192,,Municipalité 2192,,-76.080698,45.51922,228,2026-03-31 16:10:30,2026-07-03 06:28:29
2201,,Municipalité 2201,,-71.672232,45.477701,21,2026-04-01 13:15:40,2026-06-27 00:03:12
2210,,Municipalité 2210,,-72.777133,45.248693,7,2026-05-05 18:08:18,2026-06-21 16:28:05
2213,,Municipalité 2213,,-72.296993,45.336678,89,2026-03-30 18:56:23,2026-07-03 22:58:54
2214,,Municipalité 2214,,-78.508531,52.236195,21,2026-04-15 19:12:43,2026-06-14 19:21:43
2216,,Municipalité 2216,,-71.685331,45.362186,31,2026-03-30 14:24:45,2026-06-30 17:04:25
2219,,Municipalité 2219,,-76.001375,46.436981,47,2026-04-28 18:15:38,2026-07-03 19:15:32
2222,,Municipalité 2222,,-74.212989,45.034133,8,2026-04-25 12:58:22,2026-06-19 11:18:55
2225,,Municipalité 2225,,-72.300204,45.476121,51,2026-04-01 16:51:06,2026-07-02 19:19:32
2231,,Municipalité 2231,,-71.134911,45.323779,21,2026-04-05 05:09:39,2026-06-30 17:04:25
2234,,Municipalité 2234,,-74.01854,46.111572,16,2026-04-13 17:57:33,2026-06-30 19:50:29
2237,,Municipalité 2237,,-69.405481,48.350262,12,2026-03-31 14:59:08,2026-06-08 17:20:43
2240,,Municipalité 2240,,-66.459408,48.123318,3,2026-04-02 14:53:20,2026-06-02 00:21:25
2241,,Municipalité 2241,,-66.54949,48.077021,1,2026-04-27 17:19:20,2026-04-27 17:19:20
2243,,Municipalité 2243,,-74.032004,46.042257,33,2026-04-08 15:07:13,2026-07-03 22:58:54
2249,,Municipalité 2249,,-79.185363,48.273811,4,2026-04-05 12:52:23,2026-05-17 02:47:45
2261,,Municipalité 2261,,-73.820907,45.574278,199,2026-04-04 01:56:00,2026-07-03 22:58:54
2282,,Municipalité 2282,,-72.962453,45.281949,40,2026-04-05 22:28:23,2026-07-03 12:06:50
2291,,Municipalité 2291,,-61.896085,47.402081,6,2026-04-08 13:15:26,2026-04-19 22:31:55
2294,,Municipalité 2294,,-70.848386,48.087695,8,2026-04-10 02:12:11,2026-06-21 03:51:58
2297,,Municipalité 2297,,-75.512908,46.748205,51,2026-04-06 05:21:27,2026-07-02 21:01:52
2300,,Municipalité 2300,,-75.410925,46.680639,6,2026-04-29 17:25:38,2026-07-01 21:24:44
2303,,Municipalité 2303,,-67.120277,52.806471,5,2026-05-11 13:46:29,2026-06-25 17:09:44
2318,,Municipalité 2318,,-69.06211,48.743669,13,2026-04-20 16:06:20,2026-07-02 19:19:32
2321,,Municipalité 2321,,-76.737807,45.839525,20,2026-04-28 21:54:41,2026-07-02 17:43:21
2327,,Municipalité 2327,,-72.016132,46.499104,7,2026-03-31 13:12:19,2026-06-23 04:57:17
2330,,Municipalité 2330,,-71.618577,46.875953,23,2026-04-20 14:46:52,2026-07-04 00:11:27
2336,,Municipalité 2336,,-78.150536,48.054706,7,2026-05-27 11:46:26,2026-06-14 05:29:08
2345,,Municipalité 2345,,-73.9039,45.032497,23,2026-04-15 15:04:01,2026-06-30 17:04:25
2348,,Municipalité 2348,,-72.790516,45.049929,50,2026-04-05 08:39:31,2026-06-19 17:21:03
2354,,Municipalité 2354,,-70.820018,45.539586,39,2026-04-01 13:15:40,2026-07-02 02:55:23
2357,,Municipalité 2357,,-79.183842,47.373138,14,2026-04-13 14:45:14,2026-05-31 12:09:22
2366,,Municipalité 2366,,-66.701967,50.186628,1,2026-06-29 05:28:05,2026-06-29 05:28:05
2369,,Municipalité 2369,,-71.373912,45.805741,15,2026-04-06 02:10:27,2026-05-21 21:25:02
2372,,Municipalité 2372,,-64.498784,48.846768,2,2026-04-02 14:53:20,2026-06-29 00:05:16
2375,,Municipalité 2375,,-75.673867,45.492176,719,2026-03-30 14:24:45,2026-07-04 00:11:27
2381,,Municipalité 2381,,-70.84287,45.731739,14,2026-04-25 19:41:46,2026-06-11 03:37:50
2399,,Municipalité 2399,,-72.545714,49.037012,15,2026-03-31 13:12:19,2026-07-04 04:32:20
2405,,Municipalité 2405,,-74.186527,45.102819,21,2026-04-07 15:05:40,2026-07-03 12:06:50
2408,,Municipalité 2408,,-74.255624,45.754238,50,2026-04-10 15:51:16,2026-07-04 00:11:27
2411,,Municipalité 2411,,-76.053801,46.089097,1,2026-04-29 15:10:34,2026-04-29 15:10:34
2420,,Municipalité 2420,,-72.738059,45.423001,71,2026-03-30 18:56:23,2026-07-02 12:54:46
2423,,Municipalité 2423,,-72.732883,45.387786,132,2026-04-08 11:53:14,2026-07-04 05:46:45
2432,,Municipalité 2432,,-76.685918,45.734955,91,2026-03-31 14:59:08,2026-06-28 22:04:22
2435,,Municipalité 2435,,-72.709289,46.622712,47,2026-03-30 14:24:45,2026-06-29 00:05:16
2444,,Municipalité 2444,,-72.506918,46.188927,9,2026-05-08 03:45:06,2026-05-30 20:06:49
2456,,Municipalité 2456,,-65.157376,49.192538,2,2026-07-02 06:39:05,2026-07-02 21:01:52
2462,,Municipalité 2462,,-61.532819,47.559868,3,2026-04-05 22:28:23,2026-05-09 13:10:42
2465,,Municipalité 2465,,-74.134561,45.277318,13,2026-04-10 02:12:11,2026-07-02 10:07:59
2471,,Municipalité 2471,,-64.496797,48.398696,1,2026-06-30 00:00:58,2026-06-30 00:00:58
2474,,Municipalité 2474,,-64.534456,48.39249,7,2026-06-29 19:52:15,2026-06-30 00:00:58
2477,,Municipalité 2477,,-72.70034,46.677152,4,2026-03-31 17:54:54,2026-04-18 18:43:34
2483,,Municipalité 2483,,-73.460876,45.489906,67,2026-04-02 02:01:53,2026-07-03 02:38:45
2495,,Municipalité 2495,,-74.643892,45.721894,33,2026-04-08 18:09:49,2026-07-03 09:54:18
2501,,Municipalité 2501,,-74.59759,45.627412,24,2026-04-20 14:46:52,2026-06-18 22:04:06
2509,,Municipalité 2509,,-65.559111,49.255616,1,2026-04-25 17:35:18,2026-04-25 17:35:18
2516,,Municipalité 2516,,-79.202972,47.659949,3,2026-06-12 19:02:32,2026-06-12 23:14:26
2525,,Municipalité 2525,,-64.390599,48.799411,2,2026-04-22 22:44:01,2026-07-02 10:07:59
2534,,Municipalité 2534,,-71.56636,46.123127,50,2026-04-14 05:21:04,2026-07-01 14:47:45
2543,,Municipalité 2543,,-71.626138,45.870824,14,2026-04-19 02:26:37,2026-06-20 00:06:41
2549,,Municipalité 2549,,-71.233828,45.503651,4,2026-04-30 22:55:34,2026-05-13 07:46:58
2552,,Municipalité 2552,,-74.597396,45.85998,88,2026-04-01 05:21:53,2026-07-04 05:46:45
2558,,Municipalité 2558,,-59.541691,50.487345,7,2026-05-24 13:19:40,2026-06-23 19:58:18
2561,,Municipalité 2561,,-71.965589,45.198267,28,2026-04-05 19:31:51,2026-06-24 16:16:50
2564,,Municipalité 2564,,-71.965553,45.27511,39,2026-05-03 19:53:37,2026-07-04 05:46:45
2576,,Municipalité 2576,,-73.743403,45.025824,16,2026-04-09 13:21:31,2026-06-25 14:25:02
2582,,Municipalité 2582,,-63.589841,50.245645,5,2026-05-02 18:55:15,2026-06-08 20:10:23
2585,,Municipalité 2585,,-61.767665,47.437327,9,2026-04-05 19:31:51,2026-06-24 18:49:05
2588,,Municipalité 2588,,-71.686908,48.395102,32,2026-04-01 19:59:05,2026-07-03 19:15:32
2591,,Municipalité 2591,,-71.677273,48.453005,5,2026-04-19 12:56:03,2026-05-11 02:50:30
2597,,Municipalité 2597,,-73.57879,45.076947,88,2026-03-31 16:10:30,2026-07-03 12:06:50
2600,,Municipalité 2600,,-73.184539,45.137302,3,2026-04-08 13:15:26,2026-06-10 19:32:19
2606,,Municipalité 2606,,-73.234478,45.134821,47,2026-03-30 17:52:30,2026-07-04 05:46:45
2612,,Municipalité 2612,,-71.521277,45.072086,8,2026-04-22 23:42:52,2026-06-19 00:23:53
2615,,Municipalité 2615,,-74.108286,45.034426,34,2026-04-11 19:33:00,2026-06-16 23:22:05
2618,,Municipalité 2618,,-75.922905,45.988014,94,2026-04-28 18:15:38,2026-07-02 23:01:48
2621,,Municipalité 2621,,-70.875521,46.647913,21,2026-04-14 20:03:45,2026-06-28 19:14:02
2624,,Municipalité 2624,,-65.236483,48.151239,2,2026-05-10 11:48:41,2026-05-29 17:35:53
2627,,Municipalité 2627,,-65.145121,48.07178,2,2026-04-10 14:45:05,2026-04-10 15:51:16
2630,,Municipalité 2630,,-73.85048,45.183048,1,2026-05-25 15:47:54,2026-05-25 15:47:54
2633,,Municipalité 2633,,-74.651769,45.992034,44,2026-04-18 20:33:02,2026-07-02 17:43:21
2636,,Municipalité 2636,,-74.147416,45.456582,123,2026-04-02 14:53:20,2026-07-01 11:58:30
2642,,Municipalité 2642,,-75.739003,45.442464,495,2026-03-30 14:24:45,2026-07-03 15:07:52
2648,,Municipalité 2648,,-75.843054,45.547506,223,2026-03-31 13:12:19,2026-07-02 15:12:17
2657,,Municipalité 2657,,-74.180126,45.085632,7,2026-04-28 16:09:52,2026-07-03 21:01:21
2660,,Municipalité 2660,,-73.230056,45.307769,34,2026-04-08 13:15:26,2026-07-03 12:06:50
2666,,Municipalité 2666,,-74.014719,45.435266,1,2026-07-02 15:12:17,2026-07-02 15:12:17
2669,,Municipalité 2669,,-61.910393,47.245863,1,2026-04-29 12:15:38,2026-04-29 12:15:38
2672,,Municipalité 2672,,-73.961667,45.391605,43,2026-03-31 05:07:04,2026-07-02 06:39:05
2675,,Municipalité 2675,,-73.860708,45.520028,1,2026-06-17 12:56:37,2026-06-17 12:56:37
2676,,Municipalité 2676,,-78.07593,58.467183,7,2026-04-19 15:35:21,2026-04-19 21:32:51
2678,,Municipalité 2678,,-61.701179,47.274063,2,2026-06-22 00:08:21,2026-06-22 06:26:01
2687,,Municipalité 2687,,-71.517317,46.264182,10,2026-04-01 07:16:43,2026-07-02 15:12:17
2690,,Municipalité 2690,,-71.511932,46.255231,6,2026-06-03 18:20:58,2026-06-22 00:08:21
2699,,Municipalité 2699,,-71.454515,46.054765,4,2026-04-21 15:10:19,2026-05-06 14:02:30
3702,,Municipalité 3702,,-71.405745,46.120902,8,2026-04-22 21:48:33,2026-07-03 06:28:29
3708,,Municipalité 3708,,-74.380309,46.063694,7,2026-04-03 11:35:58,2026-06-13 20:13:34
3732,,Municipalité 3732,,-73.431487,46.005991,26,2026-04-02 02:01:53,2026-06-23 14:56:28
3756,,Municipalité 3756,,-61.313886,50.189275,1,2026-05-11 22:04:26,2026-05-11 22:04:26
3757,,Municipalité 3757,,-70.02974,60.019427,2,2026-06-19 17:21:03,2026-06-19 19:45:01
3765,,Municipalité 3765,,-75.403761,46.419726,22,2026-04-02 14:53:20,2026-07-03 19:15:32
3768,,Municipalité 3768,,-72.136645,45.579886,9,2026-05-30 04:50:50,2026-05-30 20:06:49
3771,,Municipalité 3771,,-72.200735,45.752228,33,2026-04-15 15:04:01,2026-06-19 00:23:53
3777,,Municipalité 3777,,-72.099436,45.86807,8,2026-05-02 22:37:44,2026-06-17 23:42:40
3780,,Municipalité 3780,,-72.075498,45.856041,14,2026-04-10 22:34:28,2026-07-03 19:15:32
3789,,Municipalité 3789,,-78.957029,46.77311,65,2026-05-30 04:50:50,2026-07-04 00:11:27
3796,,Municipalité 3796,,-68.390993,58.117012,44,2026-04-08 13:15:26,2026-06-10 16:33:27
3797,,Municipalité 3797,,-77.765868,55.274463,1,2026-05-09 13:10:42,2026-05-09 13:10:42
3798,,Municipalité 3798,,-73.357227,45.302286,73,2026-04-05 07:02:08,2026-06-29 00:05:16
3807,,Municipalité 3807,,-75.464892,45.632014,109,2026-04-02 13:07:00,2026-07-03 12:06:50
3813,,Municipalité 3813,,-71.09481,46.936333,15,2026-04-11 15:31:11,2026-06-29 17:33:07
3816,,Municipalité 3816,,-74.86842,46.425261,8,2026-04-24 02:25:14,2026-07-02 21:01:52
3828,,Municipalité 3828,,-64.260974,48.903396,7,2026-04-08 18:09:49,2026-05-02 21:37:44
3829,,Municipalité 3829,,-65.641933,49.236547,2,2026-04-20 14:46:52,2026-04-20 16:06:20
3831,,Municipalité 3831,,-74.853229,46.567905,46,2026-04-09 13:21:31,2026-07-04 05:46:45
3834,,Municipalité 3834,,-71.687187,48.729149,7,2026-04-30 15:06:58,2026-07-02 15:12:17
3837,,Municipalité 3837,,-67.296098,47.900547,5,2026-05-20 23:09:34,2026-05-21 14:13:17
3843,,Municipalité 3843,,-73.432739,45.83609,259,2026-03-31 08:55:49,2026-07-03 21:01:21
3855,,Municipalité 3855,,-72.307831,45.758282,13,2026-04-06 20:35:33,2026-06-18 16:27:09
3861,,Municipalité 3861,,-76.430293,45.873898,159,2026-03-30 19:55:39,2026-07-02 15:12:17
3867,,Municipalité 3867,,-73.479332,45.851363,12,2026-05-25 04:06:04,2026-07-03 19:15:32
3870,,Municipalité 3870,,-73.498592,45.853697,34,2026-04-04 01:56:00,2026-07-03 22:58:54
3882,,Municipalité 3882,,-61.927457,47.367963,19,2026-04-01 11:51:29,2026-07-03 15:07:52
3888,,Municipalité 3888,,-70.319453,47.094106,26,2026-04-05 05:09:39,2026-07-04 04:45:52
3889,,Municipalité 3889,,-77.031213,45.856694,186,2026-04-09 19:01:51,2026-07-02 19:19:32
3897,,Municipalité 3897,,-74.07877,45.490094,57,2026-04-03 21:31:11,2026-07-04 05:46:45
3907,,Municipalité 3907,,-72.61658,47.567975,9,2026-04-09 01:59:40,2026-06-24 18:49:05
3915,,Municipalité 3915,,-74.711436,46.176372,165,2026-03-30 18:56:23,2026-07-04 00:11:27
3921,,Municipalité 3921,,-70.853876,46.782654,3,2026-05-02 10:48:41,2026-05-02 13:04:21
3924,,Municipalité 3924,,-70.930336,45.971756,7,2026-03-31 17:54:54,2026-06-30 17:04:25
3927,,Municipalité 3927,,-74.721396,46.415149,76,2026-03-31 14:59:08,2026-07-03 02:38:45
3930,,Municipalité 3930,,-70.138019,47.697711,52,2026-03-31 13:12:19,2026-07-01 11:58:30
3933,,Municipalité 3933,,-74.99132,46.246993,106,2026-04-04 01:56:00,2026-07-03 19:15:32
3936,,Municipalité 3936,,-78.182019,48.418462,2,2026-05-12 11:51:52,2026-05-12 14:14:57
3942,,Municipalité 3942,,-71.185108,45.448172,67,2026-04-03 05:02:34,2026-06-13 03:25:07
3948,,Municipalité 3948,,-70.03554,47.369896,7,2026-04-21 15:10:19,2026-06-13 16:17:34
3951,,Municipalité 3951,,-73.061001,45.669553,18,2026-03-30 17:52:30,2026-06-20 23:04:37
3960,,Municipalité 3960,,-79.461652,48.819338,2,2026-06-30 14:11:56,2026-06-30 17:04:25
3963,,Municipalité 3963,,-79.204754,48.801021,42,2026-03-31 13:12:19,2026-07-02 02:55:23
3975,,Municipalité 3975,,-72.724924,47.425422,46,2026-03-31 13:12:19,2026-07-02 12:54:46
3981,,Municipalité 3981,,-72.573604,46.078281,11,2026-05-08 13:29:39,2026-07-03 21:01:21
3987,,Municipalité 3987,,-72.66933,46.298816,43,2026-04-24 20:42:56,2026-06-30 11:43:19
3993,,Municipalité 3993,,-73.136313,46.085513,7,2026-04-09 13:21:31,2026-06-03 13:13:43
4005,,Municipalité 4005,,-74.773336,46.238051,116,2026-03-30 16:04:18,2026-07-03 19:15:32
4008,,Municipalité 4008,,-71.492973,48.710621,6,2026-04-12 23:31:50,2026-06-07 05:19:48
4014,,Municipalité 4014,,-69.577808,49.28243,8,2026-04-11 12:52:14,2026-06-18 16:27:09
4026,,Municipalité 4026,,-72.204836,48.242233,16,2026-04-09 17:04:36,2026-06-19 06:14:49
4035,,Municipalité 4035,,-71.396505,46.966023,1,2026-06-18 19:24:50,2026-06-18 19:24:50
4038,,Municipalité 4038,,-68.686639,47.985396,4,2026-05-01 10:26:13,2026-06-27 23:58:46
4041,,Municipalité 4041,,-75.363894,46.554682,2,2026-05-19 18:57:48,2026-06-09 20:18:18
4044,,Municipalité 4044,,-74.876993,46.035097,31,2026-05-21 14:13:17,2026-07-01 23:11:21
4047,,Municipalité 4047,,-74.467524,45.900203,26,2026-05-12 19:46:18,2026-06-18 16:27:09
4053,,Municipalité 4053,,-75.502729,46.305853,34,2026-04-08 15:07:13,2026-07-04 04:32:20
4065,,Municipalité 4065,,-72.382125,47.67325,7,2026-05-27 03:29:40,2026-06-28 22:04:22
4070,,Municipalité 4070,,-71.483171,48.346048,1,2026-04-19 05:26:24,2026-04-19 05:26:24
4086,,Municipalité 4086,,-75.091123,45.901634,42,2026-04-03 23:31:14,2026-07-03 15:07:52
4089,,Municipalité 4089,,-71.651295,46.920464,11,2026-05-06 02:34:48,2026-07-04 05:46:45
4092,,Municipalité 4092,,-75.234449,46.766762,28,2026-04-02 18:53:50,2026-07-02 10:07:59
4095,,Municipalité 4095,,-74.487278,46.197195,134,2026-03-30 14:24:45,2026-07-04 05:46:45
4096,,Municipalité 4096,,-74.672296,46.266634,14,2026-04-05 13:53:26,2026-05-30 18:08:33
4104,,Municipalité 4104,,-67.334488,48.421788,3,2026-04-28 16:09:52,2026-06-10 00:10:02
4107,,Municipalité 4107,,-70.517186,46.407229,65,2026-04-03 18:42:31,2026-06-25 00:08:09
4110,,Municipalité 4110,,-69.968822,46.74734,2,2026-06-02 14:49:38,2026-06-02 18:37:09
4113,,Municipalité 4113,,-70.894336,45.586075,17,2026-04-03 14:03:39,2026-06-30 21:25:32
4119,,Municipalité 4119,,-71.72969,46.861955,9,2026-05-27 03:29:40,2026-06-21 22:11:35
4122,,Municipalité 4122,,-71.381088,46.922148,36,2026-04-03 16:36:54,2026-06-24 16:16:50
4125,,Municipalité 4125,,-74.327493,45.655544,102,2026-03-30 14:24:45,2026-07-03 19:15:32
4128,,Municipalité 4128,,-73.366538,45.058946,42,2026-04-05 07:02:08,2026-06-25 19:55:22
4134,,Municipalité 4134,,-77.986765,48.355361,22,2026-04-22 13:20:49,2026-07-02 06:39:05
4152,,Municipalité 4152,,-74.001629,45.810834,60,2026-04-04 01:56:00,2026-07-02 02:55:23
4155,,Municipalité 4155,,-78.632447,47.557599,2,2026-06-19 19:45:01,2026-06-19 19:45:01
4164,,Municipalité 4164,,-71.479777,48.784043,2,2026-05-08 15:19:40,2026-07-02 02:55:23
4170,,Municipalité 4170,,-71.114169,45.841771,17,2026-04-08 15:07:13,2026-06-18 19:24:50
4176,,Municipalité 4176,,-77.951509,48.545677,29,2026-05-09 11:48:40,2026-06-18 03:36:52
4179,,Municipalité 4179,,-72.797942,47.721308,17,2026-04-09 17:04:36,2026-05-08 17:13:45
4185,,Municipalité 4185,,-79.242823,47.002444,3,2026-04-06 22:33:36,2026-06-22 17:28:40
4191,,Municipalité 4191,,-73.214724,45.981199,13,2026-04-01 05:21:53,2026-07-02 02:55:23
4197,,Municipalité 4197,,-74.259482,46.150239,18,2026-04-28 18:15:38,2026-07-04 05:46:45
4200,,Municipalité 4200,,-73.477438,45.409418,75,2026-03-31 07:09:22,2026-07-03 06:28:29
4218,,Municipalité 4218,,-68.500009,48.068463,1,2026-06-16 18:03:36,2026-06-16 18:03:36
4227,,Municipalité 4227,,-71.528037,48.414775,15,2026-05-15 21:57:03,2026-06-19 06:14:49
4236,,Municipalité 4236,,-78.939556,47.408393,22,2026-04-13 02:26:56,2026-06-01 22:59:54
4248,,Municipalité 4248,,-71.629645,46.539192,2,2026-04-20 05:38:14,2026-06-15 20:25:08
4251,,Municipalité 4251,,-71.684754,46.313818,26,2026-05-06 05:54:41,2026-06-30 04:59:58
4257,,Municipalité 4257,,-71.138298,46.824103,16,2026-04-21 11:03:51,2026-06-17 16:38:27
4266,,Municipalité 4266,,-73.70683,45.55567,145,2026-03-30 14:24:45,2026-07-03 17:21:40
4269,,Municipalité 4269,,-73.870753,45.544432,42,2026-04-01 15:01:48,2026-06-29 17:33:07
4272,,Municipalité 4272,,-73.877851,45.526684,8,2026-05-30 07:38:56,2026-06-17 19:23:47
4296,,Municipalité 4296,,-73.298524,45.884134,68,2026-04-01 13:15:40,2026-06-30 19:50:29
4302,,Municipalité 4302,,-79.307438,47.421723,19,2026-04-15 15:04:01,2026-05-30 18:08:33
4305,,Municipalité 4305,,-72.263573,45.44357,26,2026-03-30 14:24:45,2026-04-10 13:03:29
4314,,Municipalité 4314,,-76.960095,49.078602,24,2026-04-18 08:44:00,2026-06-29 17:33:07
4317,,Municipalité 4317,,-71.907234,46.534197,10,2026-03-30 14:24:45,2026-06-24 13:19:00
4320,,Municipalité 4320,,-71.30555,46.229599,8,2026-04-05 17:28:07,2026-06-08 03:40:05
4326,,Municipalité 4326,,-72.427087,45.694475,5,2026-04-18 23:31:51,2026-05-27 03:29:40
4335,,Municipalité 4335,,-73.492963,45.502419,5,2026-05-15 13:59:52,2026-06-18 16:27:09
4347,,Municipalité 4347,,-71.857744,45.360823,34,2026-04-21 21:41:50,2026-07-03 19:15:32
4350,,Municipalité 4350,,-73.800995,45.348487,22,2026-03-30 14:24:45,2026-06-07 00:13:11
4365,,Municipalité 4365,,-70.280328,47.48592,6,2026-04-03 18:42:31,2026-06-21 03:51:58
4368,,Municipalité 4368,,-66.951946,49.007132,6,2026-04-27 20:59:09,2026-07-01 23:11:21
4374,,Municipalité 4374,,-67.923049,49.290928,2,2026-06-02 14:49:38,2026-06-02 18:37:09
4383,,Municipalité 4383,,-74.105693,48.350754,26,2026-04-27 23:00:59,2026-05-11 18:58:57
4386,,Municipalité 4386,,-71.173778,46.797816,57,2026-04-05 17:28:07,2026-07-02 12:54:46
4389,,Municipalité 4389,,-71.318803,45.581571,35,2026-04-05 18:40:11,2026-06-23 14:56:28
4395,,Municipalité 4395,,-76.586375,45.762033,156,2026-03-31 16:10:30,2026-07-03 12:06:50
4398,,Municipalité 4398,,-75.191467,45.644999,20,2026-04-23 15:50:28,2026-07-04 00:11:27
4401,,Municipalité 4401,,-75.194955,45.720074,27,2026-03-30 20:43:20,2026-05-30 21:58:58
4404,,Municipalité 4404,,-75.289909,45.616185,14,2026-04-17 20:52:44,2026-05-31 12:09:22
4407,,Municipalité 4407,,-64.14824,50.263635,4,2026-04-10 20:32:39,2026-05-02 13:04:21
4410,,Municipalité 4410,,-73.4799,45.529031,348,2026-03-30 14:24:45,2026-07-04 04:45:52
4425,,Municipalité 4425,,-71.363265,46.852456,45,2026-04-01 11:51:29,2026-06-30 23:08:18
4428,,Municipalité 4428,,-73.789808,45.673713,85,2026-04-02 11:52:31,2026-07-04 05:46:45
4434,,Municipalité 4434,,-79.279915,47.366447,4,2026-04-03 12:58:21,2026-06-23 17:16:40
4440,,Municipalité 4440,,-71.920039,46.60474,9,2026-04-20 20:42:17,2026-06-19 06:14:49
4449,,Municipalité 4449,,-72.95135,46.255281,110,2026-04-17 17:52:17,2026-07-03 21:01:21
4452,,Municipalité 4452,,-57.200925,51.412926,76,2026-04-02 14:53:20,2026-05-30 20:06:49
4455,,Municipalité 4455,,-77.351748,48.062743,7,2026-04-13 14:45:14,2026-06-16 21:41:13
4461,,Municipalité 4461,,-76.031725,45.825339,271,2026-04-07 20:43:24,2026-07-03 12:06:50
4470,,Municipalité 4470,,-68.34546,48.527313,11,2026-05-29 13:57:41,2026-06-03 18:20:58
4473,,Municipalité 4473,,-71.627904,46.366133,41,2026-03-31 13:12:19,2026-07-03 17:21:40
4476,,Municipalité 4476,,-76.085031,46.632573,39,2026-05-09 02:36:10,2026-07-03 17:21:40
4479,,Municipalité 4479,,-79.05642,48.748901,10,2026-03-31 18:58:59,2026-06-18 19:24:50
4485,,Municipalité 4485,,-72.094906,46.216184,6,2026-06-03 03:45:26,2026-06-20 23:04:37
4497,,Municipalité 4497,,-72.173187,45.217558,113,2026-03-30 17:52:30,2026-07-04 00:11:27
4498,,Municipalité 4498,,-72.138514,45.219682,6,2026-03-30 21:39:31,2026-06-14 17:17:37
4500,,Municipalité 4500,,-64.426757,50.307204,1,2026-04-15 19:12:43,2026-04-15 19:12:43
4503,,Municipalité 4503,,-78.100241,48.138315,14,2026-04-03 23:31:14,2026-06-20 23:04:37
4509,,Municipalité 4509,,-66.191419,50.218579,2,2026-05-11 18:58:57,2026-05-12 14:14:57
4515,,Municipalité 4515,,-68.76162,50.406291,11,2026-03-31 14:59:08,2026-06-18 19:24:50
4524,,Municipalité 4524,,-76.030251,46.390051,56,2026-04-28 20:13:25,2026-06-18 16:27:09
4527,,Municipalité 4527,,-75.980393,46.373612,38,2026-04-06 02:10:27,2026-07-01 14:47:45
4530,,Municipalité 4530,,-66.683333,48.04893,9,2026-04-19 02:26:37,2026-07-03 17:21:40
4533,,Municipalité 4533,,-74.391639,47.221467,3,2026-04-13 21:44:51,2026-04-13 23:39:47
4536,,Municipalité 4536,,-71.96555,46.350419,14,2026-04-06 11:46:24,2026-06-19 00:23:53
4539,,Municipalité 4539,,-76.703213,45.865994,162,2026-04-03 21:31:11,2026-07-03 17:21:40
4542,,Municipalité 4542,,-73.846641,45.320347,18,2026-04-05 16:33:21,2026-06-22 00:08:21
4548,,Municipalité 4548,,-71.605453,45.634367,12,2026-04-06 15:43:10,2026-07-03 09:54:18
4551,,Municipalité 4551,,-74.874877,46.388704,90,2026-04-03 21:31:11,2026-07-04 05:46:45
4554,,Municipalité 4554,,-66.007039,48.183609,2,2026-04-09 15:20:27,2026-07-02 02:55:23
4560,,Municipalité 4560,,-72.358957,45.544717,9,2026-03-30 14:24:45,2026-06-18 22:04:06
4563,,Municipalité 4563,,-73.174545,45.435386,66,2026-03-30 14:24:45,2026-07-03 06:28:29
4572,,Municipalité 4572,,-70.961553,45.571086,4,2026-04-01 13:15:40,2026-06-26 22:09:34
4575,,Municipalité 4575,,-71.728124,45.27443,7,2026-04-18 08:44:00,2026-06-29 14:45:54
4584,,Municipalité 4584,,-73.023595,46.213214,14,2026-04-11 16:33:27,2026-07-03 02:38:45
4586,,Municipalité 4586,,-75.429846,45.545101,53,2026-04-02 14:53:20,2026-07-02 15:12:17
4593,,Municipalité 4593,,-77.684396,49.723267,17,2026-04-12 18:42:46,2026-06-26 13:08:34
4596,,Municipalité 4596,,-67.549603,48.840341,28,2026-04-02 14:53:20,2026-07-03 09:54:18
4599,,Municipalité 4599,,-75.333477,45.702259,9,2026-04-01 19:59:05,2026-04-28 23:53:31
4602,,Municipalité 4602,,-73.23508,45.549669,14,2026-05-03 10:01:38,2026-07-02 15:12:17
4605,,Municipalité 4605,,-78.805391,48.191721,25,2026-04-10 19:41:36,2026-06-30 08:35:15
4614,,Municipalité 4614,,-72.173841,45.602277,35,2026-04-05 08:39:31,2026-07-03 12:06:50
4623,,Municipalité 4623,,-73.938549,45.312328,7,2026-04-29 19:20:38,2026-07-03 19:15:32
4635,,Municipalité 4635,,-73.742762,45.309439,24,2026-03-31 19:57:36,2026-07-02 21:01:52
4641,,Municipalité 4641,,-76.040737,46.267353,219,2026-03-31 13:12:19,2026-07-02 23:01:48
4644,,Municipalité 4644,,-67.997291,48.67235,5,2026-04-18 12:56:35,2026-07-01 21:24:44
4650,,Municipalité 4650,,-71.187784,45.587338,36,2026-04-05 07:02:08,2026-07-01 23:11:21
4652,,Municipalité 4652,,-74.238469,45.821727,22,2026-04-01 22:34:42,2026-07-04 00:11:27
4671,,Municipalité 4671,,-73.917263,45.711599,99,2026-04-01 16:51:06,2026-07-03 21:01:21
4672,,Municipalité 4672,,-73.932105,45.627786,4,2026-04-07 15:05:40,2026-04-09 22:38:06
4689,,Municipalité 4689,,-72.181987,48.830901,50,2026-04-03 15:37:36,2026-07-04 00:11:27
4692,,Municipalité 4692,,-78.843067,47.559192,5,2026-04-16 16:20:52,2026-05-29 22:27:22
4698,,Municipalité 4698,,-66.107494,50.236973,8,2026-04-06 14:43:27,2026-06-15 23:00:21
4701,,Municipalité 4701,,-69.70701,47.342076,2,2026-06-19 14:57:58,2026-06-24 13:19:00
4704,,Municipalité 4704,,-75.462212,46.556931,36,2026-04-03 05:02:34,2026-07-03 02:38:45
4710,,Municipalité 4710,,-75.395474,46.788052,21,2026-03-31 17:54:54,2026-07-02 15:12:17
4713,,Municipalité 4713,,-73.1867,45.550875,28,2026-04-01 13:15:40,2026-06-27 14:26:46
4716,,Municipalité 4716,,-65.805937,49.223188,4,2026-04-05 14:33:23,2026-04-30 15:06:58
4719,,Municipalité 4719,,-74.607814,46.183769,101,2026-04-05 02:09:19,2026-07-04 00:11:27
4722,,Municipalité 4722,,-78.660579,48.360282,1,2026-06-13 12:23:10,2026-06-13 12:23:10
4728,,Municipalité 4728,,-68.197231,48.591035,4,2026-05-05 11:59:18,2026-06-18 03:36:52
4737,,Municipalité 4737,,-79.266272,48.093604,26,2026-03-31 11:45:58,2026-06-17 23:42:40
4743,,Municipalité 4743,,-74.51972,45.937621,30,2026-04-04 01:56:00,2026-06-18 22:04:06
4749,,Municipalité 4749,,-76.074322,46.473062,25,2026-04-05 02:09:19,2026-07-02 19:19:32
4752,,Municipalité 4752,,-74.944047,45.648961,17,2026-04-02 13:07:00,2026-06-08 17:20:43
4755,,Municipalité 4755,,-70.555277,46.968915,64,2026-04-04 18:38:20,2026-07-04 05:46:45
4758,,Municipalité 4758,,-70.379375,46.704593,16,2026-04-05 07:02:08,2026-06-25 19:55:22
4767,,Municipalité 4767,,-75.19624,45.864002,8,2026-04-23 15:50:28,2026-07-02 06:39:05
4770,,Municipalité 4770,,-74.251209,45.900317,92,2026-03-30 16:04:18,2026-07-04 05:46:45
4773,,Municipalité 4773,,-75.354656,45.782833,56,2026-03-30 14:24:45,2026-07-03 06:28:29
4785,,Municipalité 4785,,-65.47957,48.965251,2,2026-04-28 16:09:52,2026-04-28 18:15:38
4794,,Municipalité 4794,,-72.674714,48.726456,7,2026-03-31 21:36:33,2026-06-23 17:16:40
4797,,Municipalité 4797,,-71.189129,48.277112,35,2026-04-03 22:30:04,2026-07-04 00:11:27
4800,,Municipalité 4800,,-72.933117,45.567575,8,2026-04-14 16:09:33,2026-06-30 19:50:29
4803,,Municipalité 4803,,-73.031826,45.167758,15,2026-04-01 13:15:40,2026-07-02 17:43:21
4809,,Municipalité 4809,,-72.24952,46.00708,9,2026-05-30 07:38:56,2026-06-07 13:46:14
4812,,Municipalité 4812,,-72.332631,45.951033,4,2026-04-12 19:37:27,2026-06-11 16:52:01
4824,,Municipalité 4824,,-70.571568,46.610164,23,2026-04-05 07:02:08,2026-06-30 14:11:56
4827,,Municipalité 4827,,-70.721009,46.178297,2,2026-04-22 16:56:27,2026-07-02 17:43:21
4850,,Municipalité 4850,,-72.680475,46.46998,15,2026-05-27 03:29:40,2026-06-08 17:20:43
4860,,Municipalité 4860,,-71.680688,46.562809,7,2026-05-13 16:16:09,2026-07-04 00:11:27
4863,,Municipalité 4863,,-69.156906,48.095482,12,2026-04-09 17:04:36,2026-06-14 19:21:43
4866,,Municipalité 4866,,-69.415143,48.045989,4,2026-05-16 15:55:42,2026-05-16 19:02:05
4869,,Municipalité 4869,,-74.893537,45.865142,2,2026-03-31 13:12:19,2026-06-10 19:32:19
4872,,Municipalité 4872,,-71.017134,45.630129,2,2026-03-31 18:58:59,2026-04-27 13:46:16
4875,,Municipalité 4875,,-73.39626,45.172447,10,2026-04-02 17:02:27,2026-06-26 13:08:34
4887,,Municipalité 4887,,-79.405226,47.71564,12,2026-04-15 17:00:21,2026-07-01 19:49:03
4891,,Municipalité 4891,,-76.256288,51.688274,1,2026-06-20 00:06:41,2026-06-20 00:06:41
4899,,Municipalité 4899,,-65.339225,48.009352,1,2026-03-31 13:12:19,2026-03-31 13:12:19
4908,,Municipalité 4908,,-65.80492,48.199358,16,2026-04-14 14:48:49,2026-07-02 06:39:05
4911,,Municipalité 4911,,-71.422838,45.379186,34,2026-04-02 15:58:38,2026-06-07 21:08:43
4914,,Municipalité 4914,,-72.610148,46.221113,19,2026-04-13 19:17:37,2026-07-02 23:01:48
4926,,Municipalité 4926,,-75.031551,46.386723,189,2026-04-14 18:02:16,2026-07-03 21:01:21
4944,,Municipalité 4944,,-72.531602,48.8172,12,2026-05-17 09:02:48,2026-06-25 17:09:44
4947,,Municipalité 4947,,-79.308865,48.967184,9,2026-04-05 02:09:19,2026-05-30 23:05:12
4953,,Municipalité 4953,,-71.981609,45.277355,12,2026-05-01 15:55:07,2026-06-23 14:56:28
4956,,Municipalité 4956,,-75.917789,46.074769,358,2026-04-02 13:07:00,2026-07-04 00:11:27
4971,,Municipalité 4971,,-71.629305,45.887357,4,2026-04-05 07:02:08,2026-06-12 23:14:26
4977,,Municipalité 4977,,-74.047268,46.251755,31,2026-04-22 02:13:04,2026-06-27 16:02:15
4980,,Municipalité 4980,,-75.632968,46.327745,42,2026-05-26 16:39:29,2026-07-04 00:11:27
4983,,Municipalité 4983,,-73.909767,45.371801,80,2026-03-30 14:24:45,2026-06-22 12:47:02
4986,,Municipalité 4986,,-75.599513,45.779787,23,2026-05-01 19:16:29,2026-07-02 06:39:05
5007,,Municipalité 5007,,-74.916157,45.853564,8,2026-06-05 09:40:31,2026-07-02 06:39:05
5010,,Municipalité 5010,,-72.286212,49.095335,2,2026-04-28 20:13:25,2026-04-28 21:54:41
5016,,Municipalité 5016,,-68.824798,47.604892,10,2026-04-26 17:35:52,2026-06-30 08:35:15
5019,,Municipalité 5019,,-79.486582,47.589449,11,2026-04-29 15:10:34,2026-07-02 19:19:32
5022,,Municipalité 5022,,-69.585572,47.770021,4,2026-06-14 00:03:37,2026-06-29 14:45:54
5025,,Municipalité 5025,,-73.434042,46.09353,24,2026-04-19 23:33:41,2026-06-16 21:41:13
5028,,Municipalité 5028,,-71.820634,46.325279,16,2026-04-01 02:14:04,2026-06-29 19:52:15
5040,,Municipalité 5040,,-75.702125,46.18236,4,2026-06-19 19:45:01,2026-06-28 22:04:22
5046,,Municipalité 5046,,-71.998136,46.778728,10,2026-04-30 12:13:21,2026-06-29 10:50:47
5049,,Municipalité 5049,,-72.284843,46.874869,38,2026-04-28 16:09:52,2026-07-03 06:28:29
5052,,Municipalité 5052,,-71.052882,45.366928,50,2026-03-31 11:45:58,2026-07-03 02:38:45
5055,,Municipalité 5055,,-70.410253,47.650369,4,2026-05-02 16:42:20,2026-07-02 19:19:32
5058,,Municipalité 5058,,-73.419986,46.050869,19,2026-04-20 23:39:43,2026-06-02 10:17:30
5064,,Municipalité 5064,,-75.603779,46.077133,208,2026-03-31 19:57:36,2026-07-02 23:01:48
5070,,Municipalité 5070,,-70.399739,46.801657,2,2026-06-09 15:52:24,2026-06-09 17:59:59
5076,,Municipalité 5076,,-66.309988,48.112441,6,2026-03-31 13:12:19,2026-06-29 17:33:07
5082,,Municipalité 5082,,-72.185508,45.058205,92,2026-04-05 10:30:55,2026-06-19 14:57:58
5085,,Municipalité 5085,,-74.941686,48.656489,7,2026-04-09 21:42:37,2026-06-15 20:25:08
5101,,Municipalité 5101,,-57.825737,51.425169,18,2026-05-16 15:55:42,2026-05-16 16:57:13
5107,,Municipalité 5107,,-72.118285,45.294395,9,2026-05-06 14:02:30,2026-06-26 07:48:09
5122,,Municipalité 5122,,-72.177803,45.355892,44,2026-04-05 18:40:11,2026-06-30 23:08:18
5128,,Municipalité 5128,,-73.959137,45.112822,30,2026-04-08 15:07:13,2026-06-24 16:16:50
5137,,Municipalité 5137,,-70.650001,48.282614,14,2026-03-30 21:39:31,2026-06-19 06:14:49
5140,,Municipalité 5140,,-73.202569,45.540637,12,2026-04-01 15:01:48,2026-06-17 12:56:37
5141,,Municipalité 5141,,-74.81867,49.920911,2,2026-06-23 14:56:28,2026-06-23 17:16:40
5143,,Municipalité 5143,,-64.581525,48.38607,2,2026-05-11 10:36:02,2026-07-02 06:39:05
5146,,Municipalité 5146,,-64.712417,48.340317,2,2026-06-02 14:49:38,2026-06-03 18:20:58
5149,,Municipalité 5149,,-79.198398,48.673961,10,2026-04-02 19:49:12,2026-07-02 23:01:48
5152,,Municipalité 5152,,-74.994051,45.655246,47,2026-04-14 18:02:16,2026-07-02 21:01:52
5158,,Municipalité 5158,,-76.416212,46.92656,8,2026-04-12 17:32:07,2026-07-02 23:01:48
5161,,Municipalité 5161,,-71.229369,47.511546,42,2026-05-13 18:54:38,2026-07-01 21:24:44
5164,,Municipalité 5164,,-74.627977,47.917192,14,2026-05-05 18:08:18,2026-06-28 15:15:27
5176,,Municipalité 5176,,-65.266237,48.059311,3,2026-04-07 13:16:50,2026-05-19 16:16:34
5185,,Municipalité 5185,,-64.240073,48.509639,8,2026-04-08 13:15:26,2026-05-22 13:28:56
5188,,Municipalité 5188,,-72.068379,48.768654,54,2026-04-04 22:26:22,2026-07-03 21:01:21
5209,,Municipalité 5209,,-67.428815,48.870473,2,2026-04-20 23:39:43,2026-04-21 05:24:54
5212,,Municipalité 5212,,-65.046975,49.221361,1,2026-05-02 02:28:52,2026-05-02 02:28:52
5221,,Municipalité 5221,,-74.127593,45.894653,11,2026-05-06 02:34:48,2026-06-23 17:16:40
5227,,Municipalité 5227,,-72.801026,46.091,46,2026-03-30 20:43:20,2026-07-03 02:38:45
5230,,Municipalité 5230,,-73.980063,45.37428,79,2026-04-10 19:41:36,2026-07-01 19:49:03
5233,,Municipalité 5233,,-70.913248,45.483173,12,2026-04-01 18:58:07,2026-06-26 20:44:33
5236,,Municipalité 5236,,-75.068451,45.605483,34,2026-04-27 13:46:16,2026-07-02 02:55:23
5239,,Municipalité 5239,,-71.772629,46.219343,26,2026-04-04 17:27:29,2026-06-14 17:17:37
5242,,Municipalité 5242,,-71.740822,46.224896,24,2026-04-01 23:33:56,2026-07-04 04:45:52
5257,,Municipalité 5257,,-72.260073,48.576415,3,2026-04-06 02:10:27,2026-06-22 12:47:02
5260,,Municipalité 5260,,-73.971917,45.498323,34,2026-04-09 13:21:31,2026-07-04 05:46:45
5266,,Municipalité 5266,,-73.965821,45.333144,3,2026-04-02 08:05:38,2026-05-15 16:07:58
5272,,Municipalité 5272,,-74.359317,45.534614,14,2026-05-30 07:38:56,2026-06-17 19:23:47
5284,,Municipalité 5284,,-67.226499,49.601209,12,2026-05-24 21:53:28,2026-06-19 14:57:58
5287,,Municipalité 5287,,-68.448247,49.223188,2,2026-05-05 18:08:18,2026-05-23 07:29:03
5290,,Municipalité 5290,,-71.584363,46.714807,52,2026-04-10 02:12:11,2026-07-03 09:54:18
5305,,Municipalité 5305,,-68.270318,49.165651,1,2026-06-18 19:24:50,2026-06-18 19:24:50
5308,,Municipalité 5308,,-61.483337,50.178788,8,2026-05-11 06:37:27,2026-05-11 23:55:37
5311,,Municipalité 5311,,-74.74442,45.901818,25,2026-04-25 15:37:14,2026-07-02 21:01:52
5317,,Municipalité 5317,,-71.677753,46.760338,45,2026-04-02 13:07:00,2026-06-30 17:04:25
5320,,Municipalité 5320,,-73.684834,45.570607,20,2026-04-17 13:13:16,2026-07-03 02:38:45
5329,,Municipalité 5329,,-70.870904,48.326821,97,2026-04-05 12:52:23,2026-07-02 21:01:52
5335,,Municipalité 5335,,-64.964942,48.2017,12,2026-04-01 16:51:06,2026-06-29 10:50:47
5338,,Municipalité 5338,,-66.857806,50.030541,2,2026-04-02 22:29:00,2026-04-02 23:33:15
5342,,Municipalité 5342,,-71.696435,46.797925,19,2026-04-28 16:09:52,2026-06-17 03:44:59
5344,,Municipalité 5344,,-76.648108,45.632378,3,2026-05-30 16:59:48,2026-05-30 20:06:49
5353,,Municipalité 5353,,-71.905216,46.691824,13,2026-03-30 17:52:30,2026-06-01 20:14:51
5359,,Municipalité 5359,,-72.354072,45.073678,108,2026-03-31 14:59:08,2026-07-03 19:15:32
5360,,Municipalité 5360,,-77.29255,60.035148,2,2026-05-23 13:18:27,2026-05-23 14:58:03
5362,,Municipalité 5362,,-78.406935,48.308998,9,2026-06-14 09:28:30,2026-06-20 11:14:30
5377,,Municipalité 5377,,-74.063956,45.861978,57,2026-04-07 13:16:50,2026-07-02 02:55:23
5380,,Municipalité 5380,,-68.118135,48.62801,3,2026-05-05 21:59:13,2026-06-17 12:56:37
5383,,Municipalité 5383,,-71.875326,46.168508,7,2026-04-09 13:21:31,2026-07-03 06:28:29
5400,,Municipalité 5400,,-69.626692,61.043498,6,2026-06-14 19:21:43,2026-06-15 16:15:09
5410,,Municipalité 5410,,-71.226308,46.823867,174,2026-03-30 14:24:45,2026-07-03 19:15:32
5411,,Municipalité 5411,,-71.283708,46.821169,424,2026-03-30 14:24:45,2026-07-03 21:01:21
5425,,Municipalité 5425,,-72.228238,45.50841,21,2026-04-07 15:05:40,2026-06-23 04:57:17
5431,,Municipalité 5431,,-68.544082,49.185815,1,2026-07-02 06:39:05,2026-07-02 06:39:05
5440,,Municipalité 5440,,-79.292891,48.52222,9,2026-04-08 15:07:13,2026-06-14 00:03:37
5443,,Municipalité 5443,,-77.701717,46.202003,68,2026-05-29 22:27:22,2026-07-01 17:11:20
5449,,Municipalité 5449,,-78.312091,47.767737,7,2026-05-21 02:58:32,2026-06-29 19:52:15
5452,,Municipalité 5452,,-73.013934,47.728628,15,2026-04-12 19:37:27,2026-06-25 17:09:44
5458,,Municipalité 5458,,-73.747046,46.050917,135,2026-03-30 14:24:45,2026-07-03 19:15:32
5470,,Municipalité 5470,,-79.193517,47.777888,1,2026-06-14 23:05:36,2026-06-14 23:05:36
5482,,Municipalité 5482,,-73.442494,45.755056,191,2026-03-30 14:24:45,2026-07-04 05:46:45
5485,,Municipalité 5485,,-66.711043,48.018819,6,2026-04-07 15:05:40,2026-07-02 10:07:59
5491,,Municipalité 5491,,-73.249672,45.441553,28,2026-04-10 02:12:11,2026-07-03 12:06:50
5506,,Municipalité 5506,,-72.146041,45.661769,10,2026-04-09 13:21:31,2026-06-20 00:06:41
5509,,Municipalité 5509,,-74.279182,45.456316,124,2026-04-08 05:08:47,2026-07-03 12:06:50
5512,,Municipalité 5512,,-68.526705,48.443669,82,2026-03-31 14:59:08,2026-07-03 17:21:40
5515,,Municipalité 5515,,-68.510164,48.475685,2,2026-05-08 19:16:16,2026-06-06 21:00:37
5518,,Municipalité 5518,,-75.145673,45.787392,40,2026-03-31 17:54:54,2026-06-21 22:11:35
5524,,Municipalité 5524,,-70.688811,45.738447,53,2026-04-04 01:56:00,2026-07-02 12:54:46
5527,,Municipalité 5527,,-66.928243,48.065764,3,2026-04-24 15:05:41,2026-06-20 00:06:41
5530,,Municipalité 5530,,-66.716584,48.056657,1,2026-04-21 20:01:12,2026-04-21 20:01:12
5533,,Municipalité 5533,,-65.527298,50.292093,4,2026-06-16 01:44:51,2026-06-16 18:03:36
5542,,Municipalité 5542,,-70.448569,48.239247,7,2026-04-07 19:05:54,2026-05-20 23:09:34
5548,,Municipalité 5548,,-70.013189,47.440611,4,2026-04-30 17:17:33,2026-06-23 17:16:40
5557,,Municipalité 5557,,-72.174365,46.995591,11,2026-05-06 02:34:48,2026-06-29 05:28:05
5560,,Municipalité 5560,,-64.447629,48.955957,3,2026-03-31 02:05:58,2026-06-02 14:49:38
5564,,Municipalité 5564,,-74.339477,45.223912,8,2026-04-10 21:34:54,2026-06-12 19:02:32
5575,,Municipalité 5575,,-69.536129,47.831448,17,2026-04-08 18:09:49,2026-07-02 15:12:17
5578,,Municipalité 5578,,-78.198981,48.229387,16,2026-04-17 18:56:30,2026-06-18 19:24:50
5587,,Municipalité 5587,,-67.171714,49.708341,4,2026-06-22 17:28:40,2026-06-27 23:58:46
5590,,Municipalité 5590,,-57.639116,51.470896,7,2026-05-16 15:55:42,2026-06-29 10:50:47
5593,,Municipalité 5593,,-75.551166,46.532983,73,2026-04-01 17:47:10,2026-07-03 22:58:54
5596,,Municipalité 5596,,-71.21211,46.143055,7,2026-04-06 23:33:02,2026-06-30 17:04:25
5602,,Municipalité 5602,,-72.235998,48.526567,28,2026-03-31 13:12:19,2026-06-30 17:04:25
5614,,Municipalité 5614,,-79.274341,47.928938,9,2026-04-02 11:52:31,2026-06-10 05:14:45
5623,,Municipalité 5623,,-79.367111,48.60167,7,2026-04-02 18:53:50,2026-06-26 03:23:10
5629,,Municipalité 5629,,-73.797997,45.637847,135,2026-03-30 18:56:23,2026-07-03 19:15:32
5638,,Municipalité 5638,,-73.055511,45.440449,9,2026-04-27 05:51:09,2026-06-18 22:04:06
5647,,Municipalité 5647,,-79.040533,48.219349,102,2026-03-31 19:57:36,2026-06-30 11:43:19
5653,,Municipalité 5653,,-72.539344,45.563981,29,2026-04-10 05:22:58,2026-07-01 21:24:44
5659,,Municipalité 5659,,-72.522789,45.575057,7,2026-04-12 05:21:28,2026-06-20 08:50:07
5665,,Municipalité 5665,,-69.85196,48.251044,20,2026-04-02 10:59:38,2026-06-06 11:22:58
5671,,Municipalité 5671,,-71.084493,46.216383,36,2026-04-03 08:50:29,2026-06-24 13:19:00
5677,,Municipalité 5677,,-71.179461,46.094284,6,2026-05-01 21:51:03,2026-06-20 13:54:54
5680,,Municipalité 5680,,-70.078823,47.994512,1,2026-06-23 04:57:17,2026-06-23 04:57:17
5683,,Municipalité 5683,,-75.135232,46.495223,11,2026-05-01 15:55:07,2026-06-13 14:58:03
5689,,Municipalité 5689,,-64.563729,48.893892,6,2026-04-11 17:28:41,2026-04-14 16:09:33
5701,,Municipalité 5701,,-71.311659,46.773139,288,2026-04-01 13:15:40,2026-07-02 15:12:17
5704,,Municipalité 5704,,-70.854092,46.410221,23,2026-04-01 17:47:10,2026-07-04 00:11:27
5707,,Municipalité 5707,,-74.130023,45.252119,94,2026-03-31 17:54:54,2026-07-03 15:07:52
5710,,Municipalité 5710,,-75.646046,62.19115,18,2026-04-28 02:39:24,2026-06-27 20:58:58
5712,,Municipalité 5712,,-71.357967,45.515795,2,2026-06-19 22:53:34,2026-06-20 00:06:41
5714,,Municipalité 5714,,-66.802914,54.822664,9,2026-06-08 22:23:36,2026-06-20 19:20:38
5715,,Municipalité 5715,,-76.895004,48.317202,105,2026-03-30 16:04:18,2026-07-04 05:46:45
5716,,Municipalité 5716,,-71.568529,45.338209,6,2026-04-02 11:52:31,2026-06-02 14:49:38
5717,,Municipalité 5717,,-77.267199,48.34028,17,2026-04-03 09:50:30,2026-06-30 04:59:58
5719,,Municipalité 5719,,-67.680176,48.560768,8,2026-04-08 18:09:49,2026-06-02 14:49:38
5721,,Municipalité 5721,,-66.38829,50.226043,94,2026-03-30 16:04:18,2026-07-03 19:15:32
5727,,Municipalité 5727,,-71.520631,46.888041,25,2026-04-02 14:53:20,2026-06-25 14:25:02
5733,,Municipalité 5733,,-72.742445,46.561237,76,2026-04-01 15:01:48,2026-07-02 15:12:17
5736,,Municipalité 5736,,-72.734208,46.521652,32,2026-04-09 13:21:31,2026-07-02 23:01:48
5739,,Municipalité 5739,,-76.477568,45.600804,46,2026-03-30 17:52:30,2026-06-05 17:51:10
5742,,Municipalité 5742,,-72.634528,45.369915,67,2026-04-14 05:21:04,2026-07-04 05:46:45
5750,,Municipalité 5750,,-77.254655,45.983768,54,2026-04-09 13:21:31,2026-07-02 06:39:05
5754,,Municipalité 5754,,-65.094731,48.0851,2,2026-07-02 15:12:17,2026-07-02 23:01:48
5757,,Municipalité 5757,,-71.2699,48.482113,12,2026-04-22 15:11:00,2026-07-02 06:39:05
5766,,Municipalité 5766,,-75.884832,46.677852,146,2026-04-22 15:11:00,2026-07-02 15:12:17
5769,,Municipalité 5769,,-71.254456,46.780575,110,2026-04-09 04:40:42,2026-07-01 03:30:45
5775,,Municipalité 5775,,-73.116218,46.023406,92,2026-03-31 14:59:08,2026-06-30 17:04:25
5778,,Municipalité 5778,,-72.405513,45.341262,44,2026-04-05 07:02:08,2026-06-30 08:35:15
5787,,Municipalité 5787,,-75.505465,46.392726,67,2026-04-21 20:01:12,2026-07-03 22:58:54
5790,,Municipalité 5790,,-73.862535,45.937374,92,2026-03-30 20:43:20,2026-07-03 21:01:21
5793,,Municipalité 5793,,-74.190819,46.319624,71,2026-04-07 15:05:40,2026-07-01 23:11:21
5796,,Municipalité 5796,,-73.661373,45.907678,48,2026-04-01 15:01:48,2026-07-03 21:01:21
5802,,Municipalité 5802,,-74.465458,46.097972,95,2026-04-02 13:07:00,2026-07-02 23:01:48
5811,,Municipalité 5811,,-73.562,45.937356,12,2026-04-10 02:12:11,2026-07-02 19:19:32
5814,,Municipalité 5814,,-73.582813,45.94452,16,2026-03-30 14:24:45,2026-07-03 12:06:50
5817,,Municipalité 5817,,-71.210849,46.600611,15,2026-04-28 16:09:52,2026-06-19 06:14:49
5820,,Municipalité 5820,,-73.753934,45.845737,125,2026-03-31 13:12:19,2026-07-04 04:45:52
5829,,Municipalité 5829,,-73.594457,45.854605,46,2026-04-22 15:11:00,2026-07-04 00:11:27
5832,,Municipalité 5832,,-73.708146,45.848317,3,2026-07-03 21:01:21,2026-07-04 00:11:27
5838,,Municipalité 5838,,-69.925522,46.821668,11,2026-05-09 22:39:40,2026-06-28 15:15:27
5844,,Municipalité 5844,,-67.329494,48.791183,3,2026-05-02 18:55:15,2026-05-02 20:38:41
5847,,Municipalité 5847,,-72.39494,46.721043,10,2026-04-08 18:09:49,2026-06-26 13:08:34
5850,,Municipalité 5850,,-74.355023,45.956621,77,2026-04-03 08:50:29,2026-07-03 21:01:21
5853,,Municipalité 5853,,-71.723477,45.818658,1,2026-07-03 21:01:21,2026-07-03 21:01:21
5862,,Municipalité 5862,,-71.466304,46.558541,21,2026-04-07 15:05:40,2026-06-21 11:43:27
5865,,Municipalité 5865,,-72.939163,45.934868,4,2026-04-24 15:05:41,2026-05-20 00:01:18
5871,,Municipalité 5871,,-70.382572,47.728685,1,2026-04-07 15:05:40,2026-04-07 15:05:40
5877,,Municipalité 5877,,-72.093846,46.770316,23,2026-04-07 17:56:54,2026-07-02 23:01:48
5880,,Municipalité 5880,,-64.214545,48.873395,2,2026-07-02 06:39:05,2026-07-02 10:07:59
5883,,Municipalité 5883,,-72.122623,45.9922,12,2026-04-05 05:09:39,2026-06-29 10:50:47
5892,,Municipalité 5892,,-73.118108,45.230937,11,2026-03-30 16:04:18,2026-06-09 17:59:59
5895,,Municipalité 5895,,-69.626116,47.661576,9,2026-04-03 18:42:31,2026-06-30 17:04:25
5904,,Municipalité 5904,,-67.305475,48.478597,1,2026-04-01 15:01:48,2026-04-01 15:01:48
5907,,Municipalité 5907,,-73.159588,46.489427,39,2026-04-09 13:21:31,2026-07-03 22:58:54
5910,,Municipalité 5910,,-73.673664,45.974898,2,2026-06-04 22:18:25,2026-06-05 00:03:46
5913,,Municipalité 5913,,-73.621821,45.931939,13,2026-04-19 12:56:03,2026-06-16 23:22:05
5916,,Municipalité 5916,,-67.057804,47.958959,3,2026-04-06 05:21:27,2026-06-19 11:18:55
5922,,Municipalité 5922,,-70.841524,46.149203,1,2026-05-13 20:29:56,2026-05-13 20:29:56
5925,,Municipalité 5925,,-72.818501,45.3254,28,2026-04-04 20:27:51,2026-06-19 06:14:49
5928,,Municipalité 5928,,-65.565271,48.19356,1,2026-06-10 12:54:08,2026-06-10 12:54:08
5931,,Municipalité 5931,,-73.704543,46.185095,62,2026-04-02 18:53:50,2026-06-28 22:04:22
5937,,Municipalité 5937,,-73.299857,45.653987,23,2026-04-04 22:26:22,2026-06-17 03:44:59
5949,,Municipalité 5949,,-71.3418,48.571776,23,2026-04-07 16:54:59,2026-07-03 21:01:21
5955,,Municipalité 5955,,-73.559237,46.081591,45,2026-04-02 22:29:00,2026-07-03 06:28:29
5961,,Municipalité 5961,,-68.427238,48.452991,6,2026-04-08 18:09:49,2026-07-02 10:07:59
5967,,Municipalité 5967,,-75.07201,45.777928,20,2026-05-06 11:03:59,2026-07-02 06:39:05
5976,,Municipalité 5976,,-74.315274,45.566089,43,2026-04-05 18:40:11,2026-07-03 22:58:54
5994,,Municipalité 5994,,-74.337126,45.134875,51,2026-03-30 14:24:45,2026-07-01 03:30:45
6000,,Municipalité 6000,,-70.978733,46.622358,28,2026-03-31 21:36:33,2026-07-04 00:11:27
6003,,Municipalité 6003,,-70.52304,47.076126,24,2026-05-30 13:22:36,2026-06-08 13:04:32
6009,,Municipalité 6009,,-73.981533,45.765391,29,2026-03-30 14:24:45,2026-07-03 12:06:50
6012,,Municipalité 6012,,-72.727149,46.12664,52,2026-04-27 02:31:55,2026-07-03 21:01:21
6018,,Municipalité 6018,,-67.92658,48.555101,1,2026-07-03 09:54:18,2026-07-03 09:54:18
6024,,Municipalité 6024,,-73.899737,45.043349,22,2026-04-22 13:20:49,2026-06-30 23:08:18
6036,,Municipalité 6036,,-71.556734,46.658459,7,2026-04-15 15:04:01,2026-06-19 17:21:03
6039,,Municipalité 6039,,-73.96094,45.725775,1,2026-04-30 08:21:57,2026-04-30 08:21:57
6045,,Municipalité 6045,,-73.204292,45.790406,8,2026-05-07 14:00:10,2026-06-21 18:17:37
6048,,Municipalité 6048,,-69.433999,47.765941,4,2026-04-23 13:22:24,2026-05-20 12:21:12
6051,,Municipalité 6051,,-71.486159,46.620054,41,2026-04-01 17:47:10,2026-06-30 00:00:58
6063,,Municipalité 6063,,-73.044808,45.038918,38,2026-04-05 08:39:31,2026-07-03 17:21:40
6067,,Municipalité 6067,,-71.494021,46.73704,12,2026-04-11 12:52:14,2026-06-29 19:52:15
6069,,Municipalité 6069,,-69.383796,47.925454,26,2026-03-30 16:04:18,2026-06-27 23:58:46
6072,,Municipalité 6072,,-69.418169,47.369784,3,2026-05-17 20:45:56,2026-05-17 22:50:54
6075,,Municipalité 6075,,-73.233873,45.320646,44,2026-04-05 07:02:08,2026-07-02 17:43:21
6081,,Municipalité 6081,,-70.201505,47.153205,47,2026-04-03 14:03:39,2026-06-21 20:22:27
6084,,Municipalité 6084,,-71.945464,48.805719,9,2026-07-03 06:28:29,2026-07-04 00:11:27
6087,,Municipalité 6087,,-73.996875,45.620816,64,2026-04-20 05:38:14,2026-07-04 05:46:45
6096,,Municipalité 6096,,-58.66015,51.232105,2,2026-06-16 01:44:51,2026-06-16 07:24:15
6099,,Municipalité 6099,,-71.464094,46.754549,38,2026-03-31 13:12:19,2026-07-02 15:12:17
6102,,Municipalité 6102,,-70.87083,45.431708,4,2026-06-21 18:17:37,2026-06-22 00:08:21
6108,,Municipalité 6108,,-72.884013,46.419085,9,2026-04-28 16:09:52,2026-06-07 13:46:14
6114,,Municipalité 6114,,-72.975193,45.722966,10,2026-04-22 02:13:04,2026-06-11 16:52:01
6117,,Municipalité 6117,,-73.170417,46.213404,45,2026-04-20 02:27:11,2026-07-03 21:01:21
6126,,Municipalité 6126,,-71.828733,46.796881,23,2026-04-08 13:15:26,2026-06-18 12:22:09
6129,,Municipalité 6129,,-73.285312,45.526881,48,2026-04-03 17:32:08,2026-07-03 12:06:50
6141,,Municipalité 6141,,-71.833625,46.747309,9,2026-04-09 13:21:31,2026-06-29 17:33:07
6144,,Municipalité 6144,,-70.598795,46.272447,8,2026-04-03 14:03:39,2026-06-30 11:43:19
6147,,Municipalité 6147,,-74.10909,45.573907,30,2026-04-01 17:47:10,2026-06-26 07:48:09
6153,,Municipalité 6153,,-68.770155,47.457631,9,2026-05-20 16:22:40,2026-07-01 23:11:21
6162,,Municipalité 6162,,-70.794121,46.08929,5,2026-04-01 02:14:04,2026-06-27 12:06:58
6165,,Municipalité 6165,,-71.158781,46.462244,14,2026-05-14 14:03:32,2026-06-20 00:06:41
6171,,Municipalité 6171,,-73.466212,45.069324,47,2026-04-02 18:53:50,2026-07-04 00:11:27
6183,,Municipalité 6183,,-73.067791,45.787919,15,2026-04-01 17:47:10,2026-05-01 06:14:06
6186,,Municipalité 6186,,-73.31247,45.202734,58,2026-04-05 09:36:46,2026-06-26 13:08:34
6192,,Municipalité 6192,,-72.681837,45.954994,11,2026-04-20 20:42:17,2026-06-09 17:59:59
6195,,Municipalité 6195,,-72.855551,46.506007,18,2026-04-06 14:43:27,2026-05-30 15:03:41
6204,,Municipalité 6204,,-71.646935,48.479639,25,2026-03-30 14:24:45,2026-06-30 23:08:18
6207,,Municipalité 6207,,-79.476357,47.454178,26,2026-04-03 08:50:29,2026-05-30 18:08:33
6210,,Municipalité 6210,,-73.34435,45.531116,158,2026-04-01 15:01:48,2026-07-03 21:01:21
6228,,Municipalité 6228,,-71.74043,45.64794,5,2026-06-19 11:18:55,2026-06-19 21:07:03
6234,,Municipalité 6234,,-70.229642,46.474813,7,2026-05-11 16:30:45,2026-06-04 22:18:25
6237,,Municipalité 6237,,-74.090175,45.708873,52,2026-04-07 16:54:59,2026-07-03 17:21:40
6238,,Municipalité 6238,,-73.935135,45.669372,11,2026-05-13 04:40:49,2026-07-03 19:15:32
6239,,Municipalité 6239,,-73.899402,45.652729,9,2026-06-09 17:59:59,2026-07-03 19:15:32
6243,,Municipalité 6243,,-72.21414,46.685334,1,2026-03-30 14:24:45,2026-03-30 14:24:45
6246,,Municipalité 6246,,-72.119044,46.684477,16,2026-04-01 13:15:40,2026-06-03 18:20:58
6252,,Municipalité 6252,,-72.373148,46.238384,15,2026-04-14 14:48:49,2026-06-19 17:21:03
6258,,Municipalité 6258,,-73.000485,45.417853,9,2026-04-01 15:01:48,2026-07-01 03:30:45
6261,,Municipalité 6261,,-72.993799,45.405386,9,2026-04-29 17:25:38,2026-06-23 14:56:28
6273,,Municipalité 6273,,-73.131173,45.64594,15,2026-05-08 15:19:40,2026-06-30 14:11:56
6282,,Municipalité 6282,,-68.041571,48.339639,5,2026-04-02 14:53:20,2026-04-09 17:04:36
6285,,Municipalité 6285,,-73.195783,45.65729,1,2026-06-08 20:10:23,2026-06-08 20:10:23
6288,,Municipalité 6288,,-70.94149,46.75433,23,2026-04-10 18:47:40,2026-06-25 14:25:02
6291,,Municipalité 6291,,-73.475549,46.050707,87,2026-04-16 14:53:03,2026-07-04 00:11:27
6297,,Municipalité 6297,,-73.572753,45.713185,76,2026-03-31 14:59:08,2026-07-03 19:15:32
6309,,Municipalité 6309,,-72.032084,46.596925,4,2026-03-30 17:52:30,2026-06-27 12:06:58
6315,,Municipalité 6315,,-73.394306,46.384124,47,2026-04-05 17:28:07,2026-07-03 15:07:52
6321,,Municipalité 6321,,-71.917265,46.026155,41,2026-04-04 04:18:06,2026-07-03 19:15:32
6327,,Municipalité 6327,,-73.778243,45.084981,28,2026-04-01 05:21:53,2026-06-27 17:59:04
6330,,Municipalité 6330,,-71.93957,45.621764,17,2026-04-08 15:07:13,2026-06-29 05:28:05
6336,,Municipalité 6336,,-69.085754,47.900589,1,2026-05-20 16:22:40,2026-05-20 16:22:40
6339,,Municipalité 6339,,-73.403217,46.232378,3,2026-05-05 21:59:13,2026-05-06 02:34:48
6342,,Municipalité 6342,,-67.719746,48.4912,2,2026-05-07 14:00:10,2026-06-20 13:54:54
6348,,Municipalité 6348,,-74.243441,45.357494,9,2026-03-31 18:58:59,2026-06-16 18:03:36
6357,,Municipalité 6357,,-74.118012,45.730256,83,2026-04-07 15:05:40,2026-07-03 15:07:52
6363,,Municipalité 6363,,-73.79591,46.284433,36,2026-03-30 14:24:45,2026-06-23 14:56:28
6369,,Municipalité 6369,,-70.519316,46.072758,18,2026-05-05 20:05:27,2026-06-30 11:43:19
6372,,Municipalité 6372,,-73.569176,45.360373,117,2026-04-01 13:15:40,2026-07-04 05:46:45
6387,,Municipalité 6387,,-73.253284,46.215084,31,2026-04-14 14:48:49,2026-06-16 01:44:51
6396,,Municipalité 6396,,-68.941344,47.843992,1,2026-04-18 20:33:02,2026-04-18 20:33:02
6399,,Municipalité 6399,,-70.26487,46.319913,12,2026-04-12 17:32:07,2026-06-28 17:05:38
6402,,Municipalité 6402,,-73.408676,45.172345,22,2026-04-05 13:53:26,2026-06-20 23:04:37
6408,,Municipalité 6408,,-72.414179,45.933042,45,2026-04-02 18:53:50,2026-07-04 05:46:45
6411,,Municipalité 6411,,-70.167377,46.982841,4,2026-03-30 16:04:18,2026-06-17 12:56:37
6414,,Municipalité 6414,,-67.831612,48.66494,1,2026-06-27 00:03:12,2026-06-27 00:03:12
6423,,Municipalité 6423,,-70.129687,47.192677,6,2026-04-10 13:03:29,2026-06-19 21:07:03
6426,,Municipalité 6426,,-73.503412,46.333261,62,2026-04-01 11:51:29,2026-07-04 05:46:45
6432,,Municipalité 6432,,-70.668956,46.631088,31,2026-03-30 19:55:39,2026-06-24 18:49:05
6435,,Municipalité 6435,,-72.876955,45.940793,11,2026-04-28 11:02:45,2026-06-25 14:25:02
6438,,Municipalité 6438,,-71.032098,48.629135,41,2026-04-05 10:30:55,2026-06-27 00:03:12
6441,,Municipalité 6441,,-71.181992,46.770205,30,2026-04-02 08:05:38,2026-06-29 17:33:07
6444,,Municipalité 6444,,-73.131201,45.755987,13,2026-03-31 14:59:08,2026-06-29 00:05:16
6447,,Municipalité 6447,,-73.15568,45.787456,9,2026-04-08 02:07:15,2026-06-18 19:24:50
6450,,Municipalité 6450,,-69.895451,47.50859,2,2026-06-07 11:07:12,2026-06-07 13:46:14
6453,,Municipalité 6453,,-73.257356,46.368949,42,2026-04-04 04:18:06,2026-06-18 19:24:50
6462,,Municipalité 6462,,-72.834112,45.565155,41,2026-04-01 18:58:07,2026-07-03 17:21:40
6468,,Municipalité 6468,,-78.114222,48.758396,2,2026-03-31 18:58:59,2026-03-31 19:57:36
6477,,Municipalité 6477,,-68.247794,48.495895,2,2026-04-01 17:47:10,2026-04-01 18:58:07
6480,,Municipalité 6480,,-71.283157,46.956476,45,2026-03-30 17:52:30,2026-07-02 12:54:46
6492,,Municipalité 6492,,-72.551664,48.906123,2,2026-07-02 02:55:23,2026-07-02 06:39:05
6498,,Municipalité 6498,,-72.672368,45.85602,1,2026-05-16 11:59:24,2026-05-16 11:59:24
6504,,Municipalité 6504,,-73.114853,46.322612,3,2026-05-19 18:57:48,2026-07-03 06:28:29
6507,,Municipalité 6507,,-73.50238,45.24468,13,2026-03-31 05:07:04,2026-06-23 00:02:40
6510,,Municipalité 6510,,-79.350186,47.175199,7,2026-04-12 23:31:50,2026-06-17 19:23:47
6513,,Municipalité 6513,,-70.800892,46.435727,47,2026-04-01 13:15:40,2026-07-04 00:11:27
6522,,Municipalité 6522,,-71.822764,46.57652,11,2026-03-31 16:10:30,2026-06-25 21:29:14
6525,,Municipalité 6525,,-71.666846,45.19501,22,2026-04-02 02:01:53,2026-06-25 17:09:44
6528,,Municipalité 6528,,-69.311094,47.516634,10,2026-04-07 17:56:54,2026-07-04 05:46:45
6534,,Municipalité 6534,,-72.085883,45.367565,2,2026-04-09 17:04:36,2026-04-09 19:01:51
6537,,Municipalité 6537,,-72.938389,46.514103,12,2026-04-25 22:33:40,2026-06-25 17:09:44
6540,,Municipalité 6540,,-69.171388,48.033125,1,2026-05-19 04:57:43,2026-05-19 04:57:43
6543,,Municipalité 6543,,-72.652431,46.022295,29,2026-04-07 15:05:40,2026-07-04 05:46:45
6552,,Municipalité 6552,,-71.064966,46.407714,57,2026-03-30 16:04:18,2026-07-02 12:54:46
6564,,Municipalité 6564,,-71.33646,46.871705,19,2026-04-12 11:32:26,2026-07-01 03:30:45
6576,,Municipalité 6576,,-70.941572,46.03706,13,2026-04-20 17:55:20,2026-07-01 17:11:20
6579,,Municipalité 6579,,-69.302092,47.895932,4,2026-05-12 22:57:50,2026-07-02 02:55:23
6582,,Municipalité 6582,,-71.312702,46.653828,41,2026-03-31 14:59:08,2026-07-03 15:07:52
6585,,Municipalité 6585,,-72.359309,45.252559,74,2026-04-05 08:39:31,2026-06-25 17:09:44
6588,,Municipalité 6588,,-73.919321,45.232863,17,2026-04-13 20:51:35,2026-05-30 21:58:58
6597,,Municipalité 6597,,-70.990766,46.836979,9,2026-05-10 15:50:55,2026-06-29 17:33:07
6600,,Municipalité 6600,,-72.756153,46.426668,20,2026-04-07 15:05:40,2026-07-04 05:46:45
6601,,Municipalité 6601,,-72.773553,46.471055,2,2026-05-07 14:00:10,2026-05-07 16:10:49
6618,,Municipalité 6618,,-72.710412,45.807341,13,2026-03-31 05:07:04,2026-05-29 06:53:04
6621,,Municipalité 6621,,-78.657929,48.87752,2,2026-04-10 23:32:39,2026-04-11 02:00:33
6624,,Municipalité 6624,,-79.350067,47.49356,15,2026-04-04 11:27:17,2026-05-29 17:35:53
6627,,Municipalité 6627,,-68.69372,48.187219,2,2026-05-20 21:49:37,2026-05-20 23:09:34
6630,,Municipalité 6630,,-68.991418,47.576457,4,2026-05-04 06:09:35,2026-06-28 19:14:02
6633,,Municipalité 6633,,-71.898403,46.160703,52,2026-04-01 17:47:10,2026-07-04 00:11:27
6639,,Municipalité 6639,,-73.906628,45.569279,286,2026-03-30 17:52:30,2026-07-03 22:58:54
6651,,Municipalité 6651,,-70.921661,45.941966,2,2026-04-12 05:21:28,2026-06-25 19:55:22
6654,,Municipalité 6654,,-68.853385,48.315108,16,2026-04-03 14:03:39,2026-06-17 12:56:37
6660,,Municipalité 6660,,-70.146556,46.649892,17,2026-04-10 02:12:11,2026-06-22 17:28:40
6669,,Municipalité 6669,,-72.414782,48.649146,51,2026-04-05 14:33:23,2026-07-02 02:55:23
6672,,Municipalité 6672,,-78.07207,48.656136,12,2026-05-20 05:01:41,2026-06-30 00:00:58
6675,,Municipalité 6675,,-73.430649,46.165116,2,2026-04-01 15:01:48,2026-04-01 16:51:06
6678,,Municipalité 6678,,-73.431231,46.166275,57,2026-04-07 16:54:59,2026-07-04 00:11:27
6687,,Municipalité 6687,,-71.358973,46.750726,66,2026-03-30 14:24:45,2026-07-02 19:19:32
6690,,Municipalité 6690,,-70.878456,47.10265,24,2026-03-30 14:24:45,2026-06-07 21:08:43
6705,,Municipalité 6705,,-71.559652,46.521904,2,2026-06-09 15:52:24,2026-06-09 17:59:59
6708,,Municipalité 6708,,-71.594903,46.513521,3,2026-06-23 11:57:51,2026-07-01 14:47:45
6711,,Municipalité 6711,,-71.594437,45.951472,5,2026-04-04 11:27:17,2026-06-09 00:02:50
6717,,Municipalité 6717,,-73.60114,45.675116,143,2026-04-02 13:07:00,2026-07-03 21:01:21
6729,,Municipalité 6729,,-67.212657,47.957402,1,2026-04-25 16:37:54,2026-04-25 16:37:54
6735,,Municipalité 6735,,-72.181898,48.200565,2,2026-04-09 19:01:51,2026-04-09 20:45:25
6738,,Municipalité 6738,,-70.812855,46.99565,3,2026-06-01 03:42:14,2026-06-07 15:22:13
6741,,Municipalité 6741,,-68.178734,48.312971,3,2026-04-29 19:20:38,2026-05-23 16:04:17
6756,,Municipalité 6756,,-72.854915,46.075237,14,2026-05-05 20:05:27,2026-06-24 20:45:59
6759,,Municipalité 6759,,-72.833555,46.071116,8,2026-04-24 19:50:40,2026-06-29 00:05:16
6765,,Municipalité 6765,,-71.040366,46.298924,9,2026-04-03 15:37:36,2026-07-03 15:07:52
6768,,Municipalité 6768,,-70.670515,46.89321,10,2026-04-15 15:04:01,2026-06-29 00:05:16
6771,,Municipalité 6771,,-70.562081,47.314504,1,2026-03-30 17:52:30,2026-03-30 17:52:30
6774,,Municipalité 6774,,-72.2534,46.501491,25,2026-03-30 18:56:23,2026-05-25 04:06:04
6783,,Municipalité 6783,,-72.030752,45.55259,15,2026-04-09 17:04:36,2026-06-19 00:23:53
6798,,Municipalité 6798,,-70.866211,48.487726,42,2026-03-30 14:24:45,2026-07-04 00:11:27
6801,,Municipalité 6801,,-68.180408,48.440578,6,2026-04-23 02:24:51,2026-06-24 13:19:00
6804,,Municipalité 6804,,-73.383315,46.295195,15,2026-04-09 13:21:31,2026-06-27 16:02:15
6813,,Municipalité 6813,,-73.400635,46.307486,54,2026-04-11 19:33:00,2026-07-02 23:01:48
6819,,Municipalité 6819,,-69.905564,47.407958,1,2026-06-07 13:46:14,2026-06-07 13:46:14
6825,,Municipalité 6825,,-71.481224,46.947751,8,2026-04-14 07:26:44,2026-06-22 17:28:40
6828,,Municipalité 6828,,-70.624254,45.821322,13,2026-05-10 13:12:00,2026-07-02 17:43:21
6831,,Municipalité 6831,,-70.63854,45.863529,8,2026-04-18 23:31:51,2026-06-20 23:04:37
6834,,Municipalité 6834,,-71.756313,48.501317,11,2026-04-23 15:50:28,2026-06-30 08:35:15
6840,,Municipalité 6840,,-70.668152,46.116566,83,2026-03-30 17:52:30,2026-06-22 12:47:02
6843,,Municipalité 6843,,-72.655236,46.634867,10,2026-04-22 15:11:00,2026-06-28 11:04:25
6846,,Municipalité 6846,,-73.202661,45.037132,51,2026-04-05 07:02:08,2026-06-22 00:08:21
6849,,Municipalité 6849,,-69.506606,47.911277,3,2026-05-11 13:46:29,2026-05-15 02:50:56
6855,,Municipalité 6855,,-69.443663,47.95734,6,2026-04-20 02:27:11,2026-05-25 17:40:43
6858,,Municipalité 6858,,-71.857408,45.695147,15,2026-04-14 14:48:49,2026-06-20 08:50:07
6870,,Municipalité 6870,,-70.65962,46.149735,11,2026-04-20 14:46:52,2026-06-22 17:28:40
6873,,Municipalité 6873,,-70.677581,46.054282,5,2026-04-16 19:58:29,2026-06-20 17:23:15
6882,,Municipalité 6882,,-72.806196,46.590842,6,2026-04-28 16:09:52,2026-05-28 23:12:56
6885,,Municipalité 6885,,-72.851738,46.019815,19,2026-04-24 15:05:41,2026-05-30 11:22:24
6900,,Municipalité 6900,,-72.582236,45.831769,23,2026-04-08 13:15:26,2026-07-02 15:12:17
6909,,Municipalité 6909,,-71.334775,46.487817,9,2026-04-19 02:26:37,2026-06-11 03:37:50
6912,,Municipalité 6912,,-68.558439,47.779301,1,2026-06-23 08:29:52,2026-06-23 08:29:52
6915,,Municipalité 6915,,-65.115171,48.094525,2,2026-04-16 14:53:03,2026-05-14 02:50:19
6918,,Municipalité 6918,,-73.158828,45.310388,13,2026-04-04 14:31:07,2026-06-27 04:50:48
6942,,Municipalité 6942,,-74.109761,46.630233,49,2026-04-09 13:21:31,2026-07-04 05:46:45
6945,,Municipalité 6945,,-72.761275,45.89379,5,2026-05-03 21:38:52,2026-06-12 12:16:48
6954,,Municipalité 6954,,-68.788982,48.027738,3,2026-05-16 16:57:13,2026-05-16 19:02:05
6957,,Municipalité 6957,,-79.300361,48.748993,1,2026-06-06 19:17:11,2026-06-06 19:17:11
6966,,Municipalité 6966,,-71.838937,48.654533,7,2026-04-05 08:39:31,2026-06-19 06:14:49
6969,,Municipalité 6969,,-71.089139,46.699655,20,2026-03-31 18:58:59,2026-06-19 00:23:53
6972,,Municipalité 6972,,-73.621658,45.749895,270,2026-03-30 14:24:45,2026-07-03 19:15:32
6978,,Municipalité 6978,,-74.19441,45.618594,8,2026-05-20 16:22:40,2026-06-08 13:04:32
6981,,Municipalité 6981,,-71.639607,45.074566,17,2026-04-05 05:09:39,2026-07-04 05:46:45
6987,,Municipalité 6987,,-70.846475,45.879179,2,2026-04-20 20:42:17,2026-06-08 03:40:05
6990,,Municipalité 6990,,-70.443064,47.618043,9,2026-04-02 13:07:00,2026-06-02 14:49:38
6993,,Municipalité 6993,,-73.997962,45.911324,168,2026-04-03 07:04:06,2026-07-04 05:46:45
6996,,Municipalité 6996,,-70.859117,45.97983,13,2026-04-20 14:46:52,2026-07-02 23:01:48
6999,,Municipalité 6999,,-69.155608,47.676252,2,2026-06-07 00:13:11,2026-06-22 12:47:02
7002,,Municipalité 7002,,-71.096437,48.523853,30,2026-04-08 18:09:49,2026-07-03 06:28:29
7008,,Municipalité 7008,,-69.205717,47.764263,4,2026-05-22 20:41:04,2026-06-25 19:55:22
7011,,Municipalité 7011,,-73.426618,45.493527,262,2026-03-30 14:24:45,2026-07-03 19:15:32
7023,,Municipalité 7023,,-72.862019,45.80056,16,2026-03-31 14:59:08,2026-07-02 21:01:52
7029,,Municipalité 7029,,-72.961543,45.626267,141,2026-03-31 19:57:36,2026-07-03 21:01:21
7032,,Municipalité 7032,,-72.928774,45.658093,8,2026-04-19 07:15:17,2026-06-29 00:05:16
7035,,Municipalité 7035,,-72.928376,45.18507,14,2026-04-13 17:57:33,2026-07-03 15:07:52
7044,,Municipalité 7044,,-73.134306,46.065022,5,2026-04-13 21:44:51,2026-07-02 02:55:23
7056,,Municipalité 7056,,-70.245323,47.557817,10,2026-04-27 11:01:13,2026-06-25 11:39:45
7062,,Municipalité 7062,,-71.102571,46.576035,48,2026-03-31 17:54:54,2026-07-04 05:46:45
7065,,Municipalité 7065,,-73.6779,45.301749,17,2026-04-04 11:27:17,2026-06-24 10:20:15
7068,,Municipalité 7068,,-71.509198,45.253401,13,2026-04-05 07:02:08,2026-06-19 14:57:58
7077,,Municipalité 7077,,-79.386421,48.815429,3,2026-04-16 18:06:46,2026-05-22 18:51:30
7083,,Municipalité 7083,,-73.443718,45.273394,83,2026-03-31 02:05:58,2026-06-22 06:26:01
7095,,Municipalité 7095,,-71.31861,46.295241,11,2026-04-18 21:32:05,2026-06-10 19:32:19
7098,,Municipalité 7098,,-71.518927,45.93202,1,2026-05-26 21:41:14,2026-05-26 21:41:14
7101,,Municipalité 7101,,-72.060171,46.524142,4,2026-05-13 18:54:38,2026-05-13 23:54:28
7104,,Municipalité 7104,,-79.150069,48.853024,4,2026-05-16 20:41:57,2026-06-13 18:05:06
7107,,Municipalité 7107,,-71.630619,46.469878,12,2026-04-05 05:09:39,2026-06-17 16:38:27
7110,,Municipalité 7110,,-73.268445,45.305504,118,2026-03-31 22:32:21,2026-07-03 06:28:29
7113,,Municipalité 7113,,-70.248809,48.19375,5,2026-06-09 15:52:24,2026-07-03 22:58:54
7119,,Municipalité 7119,,-73.130326,45.51176,3,2026-05-07 21:54:56,2026-05-07 23:59:33
7128,,Municipalité 7128,,-69.005768,48.011086,1,2026-04-05 05:09:39,2026-04-05 05:09:39
7131,,Municipalité 7131,,-70.879076,46.936279,9,2026-05-30 00:07:13,2026-06-29 10:50:47
7140,,Municipalité 7140,,-69.324292,47.987519,5,2026-04-03 19:36:32,2026-05-27 18:24:49
7143,,Municipalité 7143,,-68.24179,48.554054,1,2026-05-13 16:16:09,2026-05-13 16:16:09
7158,,Municipalité 7158,,-71.206174,46.71653,49,2026-04-02 13:07:00,2026-07-02 02:55:23
7161,,Municipalité 7161,,-71.147287,46.90235,15,2026-04-03 15:37:36,2026-06-29 17:33:07
7164,,Municipalité 7164,,-71.453318,46.189336,33,2026-04-07 15:05:40,2026-07-03 09:54:18
7167,,Municipalité 7167,,-70.71093,46.009603,22,2026-04-05 10:30:55,2026-06-22 00:08:21
7173,,Municipalité 7173,,-73.538854,46.254738,36,2026-04-04 13:51:40,2026-07-04 05:46:45
7179,,Municipalité 7179,,-72.799531,46.730555,1,2026-06-04 17:43:35,2026-06-04 17:43:35
7182,,Municipalité 7182,,-70.259316,47.192974,20,2026-04-04 04:18:06,2026-07-02 02:55:23
7191,,Municipalité 7191,,-71.85692,48.416319,43,2026-04-01 20:54:50,2026-06-30 21:25:32
7194,,Municipalité 7194,,-74.005943,45.778881,98,2026-04-01 05:21:53,2026-07-03 15:07:52
7197,,Municipalité 7197,,-67.534948,48.802271,14,2026-04-14 18:02:16,2026-06-17 19:23:47
7200,,Municipalité 7200,,-74.249242,45.624656,3,2026-04-11 11:28:07,2026-07-03 12:06:50
7203,,Municipalité 7203,,-73.728153,45.779379,87,2026-04-05 11:27:16,2026-07-03 17:21:40
7209,,Municipalité 7209,,-70.825117,47.068356,15,2026-04-25 11:36:06,2026-06-23 17:16:40
7212,,Municipalité 7212,,-72.510564,45.956977,6,2026-06-16 18:03:36,2026-07-03 06:28:29
7215,,Municipalité 7215,,-72.501041,45.438045,15,2026-05-06 16:25:32,2026-06-11 08:42:56
7221,,Municipalité 7221,,-72.624148,46.001642,7,2026-04-25 19:41:46,2026-06-24 13:19:00
7233,,Municipalité 7233,,-70.854854,46.330643,9,2026-04-02 05:00:17,2026-06-30 17:04:25
7239,,Municipalité 7239,,-68.215346,48.498871,1,2026-05-10 10:11:11,2026-05-10 10:11:11
7248,,Municipalité 7248,,-71.153361,46.808247,1,2026-04-09 19:01:51,2026-04-09 19:01:51
7251,,Municipalité 7251,,-68.964989,47.421682,3,2026-05-13 16:16:09,2026-06-25 14:25:02
7269,,Municipalité 7269,,-71.279499,45.901176,2,2026-05-26 16:39:29,2026-06-29 00:05:16
7272,,Municipalité 7272,,-71.597624,45.740624,25,2026-04-18 21:32:05,2026-06-20 05:10:11
7278,,Municipalité 7278,,-70.372414,47.453224,2,2026-06-02 14:49:38,2026-06-11 16:52:01
7281,,Municipalité 7281,,-73.231028,45.963285,6,2026-04-03 08:50:29,2026-05-22 13:28:56
7290,,Municipalité 7290,,-73.125451,46.042305,12,2026-04-09 08:19:12,2026-06-29 19:52:15
7293,,Municipalité 7293,,-70.877614,46.284975,1,2026-06-30 19:50:29,2026-06-30 19:50:29
7299,,Municipalité 7299,,-73.976611,45.523996,44,2026-04-09 13:21:31,2026-06-25 17:09:44
7305,,Municipalité 7305,,-74.576688,46.138495,213,2026-04-01 13:15:40,2026-07-04 05:46:45
7311,,Municipalité 7311,,-72.972786,45.78638,2,2026-04-28 11:02:45,2026-06-03 23:40:30
7317,,Municipalité 7317,,-65.911487,48.255312,4,2026-05-17 17:58:56,2026-07-02 15:12:17
7320,,Municipalité 7320,,-70.965367,46.208388,1,2026-04-05 02:09:19,2026-04-05 02:09:19
7323,,Municipalité 7323,,-71.551935,46.017617,16,2026-03-31 08:55:49,2026-06-22 17:28:40
7326,,Municipalité 7326,,-68.705952,47.649809,7,2026-04-03 10:40:52,2026-06-15 10:23:10
7329,,Municipalité 7329,,-70.11381,46.586027,34,2026-04-12 13:59:40,2026-07-01 08:08:39
7332,,Municipalité 7332,,-73.093736,46.251535,9,2026-04-14 14:48:49,2026-06-17 16:38:27
7335,,Municipalité 7335,,-73.505798,45.500306,74,2026-03-31 14:59:08,2026-07-03 02:38:45
7350,,Municipalité 7350,,-71.252483,46.583587,18,2026-04-08 21:39:02,2026-06-20 15:44:26
7356,,Municipalité 7356,,-66.976237,47.940441,6,2026-04-04 04:18:06,2026-06-23 14:56:28
7362,,Municipalité 7362,,-71.026698,46.861154,20,2026-04-20 22:40:26,2026-07-01 11:58:30
7365,,Municipalité 7365,,-70.76356,46.662373,16,2026-03-30 18:56:23,2026-06-19 17:21:03
7368,,Municipalité 7368,,-74.163897,45.414135,206,2026-04-04 10:30:12,2026-06-30 17:04:25
7371,,Municipalité 7371,,-67.588546,48.734894,2,2026-05-03 08:00:53,2026-06-13 07:43:31
7374,,Municipalité 7374,,-67.539269,48.337089,5,2026-04-30 12:13:21,2026-06-07 21:08:43
7377,,Municipalité 7377,,-70.624244,46.479191,34,2026-04-04 05:55:04,2026-07-04 05:46:45
7380,,Municipalité 7380,,-72.929181,46.315315,7,2026-03-30 21:39:31,2026-05-18 11:41:56
7389,,Municipalité 7389,,-72.371123,46.073679,2,2026-06-29 00:05:16,2026-06-29 05:28:05
7395,,Municipalité 7395,,-72.014712,46.906909,30,2026-05-05 21:59:13,2026-06-02 18:37:09
7401,,Municipalité 7401,,-72.770857,45.656917,34,2026-03-31 17:54:54,2026-06-28 22:04:22
7404,,Municipalité 7404,,-73.57267,46.005318,18,2026-04-12 13:59:40,2026-06-26 16:13:13
7413,,Municipalité 7413,,-72.96882,45.839798,11,2026-05-08 13:29:39,2026-06-27 19:38:32
7428,,Municipalité 7428,,-68.992845,47.654444,4,2026-05-03 23:41:10,2026-06-07 21:08:43
7434,,Municipalité 7434,,-72.01447,46.236475,19,2026-04-01 18:58:07,2026-06-27 12:06:58
7443,,Municipalité 7443,,-72.60448,46.420157,19,2026-04-01 13:15:40,2026-07-02 12:54:46
7449,,Municipalité 7449,,-70.298382,46.26296,7,2026-05-21 02:58:32,2026-06-19 22:53:34
7452,,Municipalité 7452,,-73.993416,45.205956,15,2026-04-17 14:53:32,2026-06-25 14:25:02
7458,,Municipalité 7458,,-71.122285,46.765994,22,2026-04-09 19:01:51,2026-06-27 00:03:12
7467,,Municipalité 7467,,-70.458716,46.488352,5,2026-06-18 22:04:06,2026-06-28 20:57:54
7470,,Municipalité 7470,,-73.311329,45.365869,100,2026-03-30 14:24:45,2026-07-03 12:06:50
7476,,Municipalité 7476,,-72.447612,46.503036,4,2026-05-06 20:19:43,2026-06-18 22:04:06
7482,,Municipalité 7482,,-67.447567,48.786408,10,2026-05-04 13:52:29,2026-07-03 21:01:21
7488,,Municipalité 7488,,-72.278009,45.866435,15,2026-04-05 11:27:16,2026-07-03 06:28:29
7500,,Municipalité 7500,,-71.727842,48.987062,10,2026-05-24 21:53:28,2026-06-12 16:15:23
7503,,Municipalité 7503,,-70.27538,46.577954,18,2026-04-12 16:35:19,2026-06-10 05:14:45
7506,,Municipalité 7506,,-72.567262,45.909122,5,2026-04-28 16:09:52,2026-06-10 19:32:19
7509,,Municipalité 7509,,-70.722606,46.531287,26,2026-03-30 17:52:30,2026-06-26 03:23:10
7515,,Municipalité 7515,,-71.537705,45.221308,35,2026-04-01 11:51:29,2026-06-27 10:03:57
7518,,Municipalité 7518,,-73.21794,45.679724,21,2026-05-07 14:00:10,2026-06-30 17:04:25
7533,,Municipalité 7533,,-78.046045,48.44387,17,2026-04-02 14:53:20,2026-06-18 12:22:09
7536,,Municipalité 7536,,-72.046097,46.679225,23,2026-04-01 13:15:40,2026-06-11 16:52:01
7539,,Municipalité 7539,,-68.915525,47.391745,1,2026-05-12 14:14:57,2026-05-12 14:14:57
7542,,Municipalité 7542,,-70.139477,46.904621,13,2026-04-18 20:33:02,2026-06-21 16:28:05
7545,,Municipalité 7545,,-72.900546,45.851432,3,2026-04-06 02:10:27,2026-05-31 19:25:58
7551,,Municipalité 7551,,-68.278624,48.353651,6,2026-04-14 14:48:49,2026-05-20 21:49:37
7554,,Municipalité 7554,,-70.641508,45.981539,32,2026-04-05 17:28:07,2026-06-20 21:14:25
7557,,Municipalité 7557,,-73.261453,45.473365,27,2026-04-06 23:33:02,2026-07-04 04:45:52
7572,,Municipalité 7572,,-73.537996,45.318091,43,2026-04-03 12:58:21,2026-07-03 12:06:50
7593,,Municipalité 7593,,-72.949086,46.595792,28,2026-04-03 08:50:29,2026-06-28 17:05:38
7596,,Municipalité 7596,,-78.165466,48.470466,20,2026-04-20 17:55:20,2026-06-30 14:11:56
7599,,Municipalité 7599,,-73.250416,45.60171,9,2026-05-09 02:36:10,2026-06-26 07:48:09
7614,,Municipalité 7614,,-68.982233,48.183315,6,2026-05-21 14:13:17,2026-06-29 17:33:07
7617,,Municipalité 7617,,-72.547365,46.493217,24,2026-04-09 15:20:27,2026-07-03 22:58:54
7626,,Municipalité 7626,,-64.492161,49.05587,20,2026-03-30 14:24:45,2026-07-02 15:12:17
7629,,Municipalité 7629,,-71.069643,46.492451,2,2026-03-31 14:59:08,2026-04-07 13:16:50
7632,,Municipalité 7632,,-65.729939,49.213094,7,2026-04-16 14:53:03,2026-05-15 23:53:34
7641,,Municipalité 7641,,-71.093219,46.039703,18,2026-04-07 17:56:54,2026-07-02 23:01:48
7647,,Municipalité 7647,,-70.910993,46.872893,18,2026-04-23 13:22:24,2026-06-29 17:33:07
7650,,Municipalité 7650,,-73.595513,45.214268,42,2026-04-05 07:02:08,2026-05-11 02:50:30
7668,,Municipalité 7668,,-72.936688,46.010646,6,2026-04-14 16:09:33,2026-06-24 18:49:05
7671,,Municipalité 7671,,-73.928794,46.700374,94,2026-04-03 12:58:21,2026-07-04 05:46:45
7677,,Municipalité 7677,,-68.722355,47.827655,29,2026-03-31 14:59:08,2026-06-27 16:02:15
7680,,Municipalité 7680,,-69.407214,47.832714,9,2026-03-31 14:59:08,2026-07-01 23:11:21
7683,,Municipalité 7683,,-67.851291,48.519365,3,2026-05-19 16:16:34,2026-06-27 12:06:58
7689,,Municipalité 7689,,-72.477816,46.543961,29,2026-04-09 06:20:04,2026-07-03 06:28:29
7695,,Municipalité 7695,,-68.457269,48.281189,3,2026-03-31 02:05:58,2026-06-10 16:33:27
7698,,Municipalité 7698,,-71.241062,46.444152,5,2026-04-25 08:49:17,2026-07-01 23:11:21
7701,,Municipalité 7701,,-72.611058,45.74144,9,2026-04-05 08:39:31,2026-06-11 16:52:01
7704,,Municipalité 7704,,-78.244799,48.851576,2,2026-05-20 09:26:14,2026-05-20 12:21:12
7707,,Municipalité 7707,,-70.655347,46.556458,1,2026-05-21 14:13:17,2026-05-21 14:13:17
7710,,Municipalité 7710,,-70.715134,46.708244,21,2026-03-31 14:59:08,2026-06-19 06:14:49
7713,,Municipalité 7713,,-72.40866,45.834029,48,2026-04-25 12:58:22,2026-07-03 21:01:21
7716,,Municipalité 7716,,-71.340938,46.719352,48,2026-03-30 14:24:45,2026-07-01 17:11:20
7722,,Municipalité 7722,,-67.870231,48.589519,3,2026-04-28 16:09:52,2026-06-11 19:33:17
7725,,Municipalité 7725,,-73.335887,46.187229,3,2026-04-17 20:52:44,2026-07-02 06:39:05
7734,,Municipalité 7734,,-71.808122,46.080867,36,2026-04-07 13:16:50,2026-06-16 18:03:36
7743,,Municipalité 7743,,-68.059446,48.577067,1,2026-05-01 02:46:26,2026-05-01 02:46:26
7746,,Municipalité 7746,,-71.544615,46.420759,8,2026-04-15 15:04:01,2026-06-29 05:28:05
7749,,Municipalité 7749,,-70.68917,46.352198,6,2026-05-04 19:25:28,2026-07-02 15:12:17
7752,,Municipalité 7752,,-69.718535,47.062185,29,2026-03-31 14:59:08,2026-06-08 03:40:05
7755,,Municipalité 7755,,-66.243618,48.129037,3,2026-04-08 15:07:13,2026-06-17 23:42:40
7758,,Municipalité 7758,,-69.952378,47.36241,1,2026-06-13 18:05:06,2026-06-13 18:05:06
7761,,Municipalité 7761,,-73.142063,45.895989,9,2026-04-16 21:41:08,2026-06-27 20:58:58
7767,,Municipalité 7767,,-69.965361,47.424491,11,2026-04-03 11:35:58,2026-06-30 11:43:19
7776,,Municipalité 7776,,-69.817623,46.954608,22,2026-04-16 14:53:03,2026-06-25 21:29:14
7779,,Municipalité 7779,,-69.79337,47.509982,13,2026-04-03 10:40:52,2026-06-18 12:22:09
7788,,Municipalité 7788,,-73.522454,45.126274,43,2026-04-05 07:02:08,2026-06-26 07:48:09
7794,,Municipalité 7794,,-71.242216,46.415409,31,2026-04-02 14:53:20,2026-06-30 14:11:56
7803,,Municipalité 7803,,-73.431104,45.967475,49,2026-03-31 10:04:46,2026-07-02 23:01:48
7809,,Municipalité 7809,,-72.875582,45.44295,37,2026-04-07 02:06:31,2026-06-26 18:29:03
7824,,Municipalité 7824,,-73.302028,45.107748,35,2026-04-05 05:09:39,2026-07-03 17:21:40
7830,,Municipalité 7830,,-73.790688,45.243573,33,2026-04-10 22:34:28,2026-07-04 05:46:45
7839,,Municipalité 7839,,-69.233389,48.563367,7,2026-04-26 14:06:58,2026-06-11 03:37:50
7842,,Municipalité 7842,,-73.476857,45.762162,71,2026-03-30 18:56:23,2026-07-03 19:15:32
7848,,Municipalité 7848,,-73.019923,46.420413,12,2026-04-16 14:53:03,2026-06-23 21:45:16
7857,,Municipalité 7857,,-70.438615,46.669201,45,2026-04-05 07:02:08,2026-07-01 23:11:21
7860,,Municipalité 7860,,-70.529405,46.14852,6,2026-04-06 05:21:27,2026-05-27 03:29:40
7863,,Municipalité 7863,,-73.464744,45.364611,61,2026-04-05 07:02:08,2026-07-03 06:28:29
7881,,Municipalité 7881,,-69.896626,47.460738,14,2026-04-05 12:52:23,2026-06-29 10:50:47
7884,,Municipalité 7884,,-72.898967,45.523064,12,2026-04-19 02:26:37,2026-06-04 22:18:25
7893,,Municipalité 7893,,-72.740762,45.953488,3,2026-04-10 10:52:21,2026-04-10 13:03:29
7896,,Municipalité 7896,,-73.466158,46.008651,8,2026-04-18 17:34:20,2026-04-19 02:26:37
7908,,Municipalité 7908,,-73.068343,45.123633,20,2026-04-19 02:26:37,2026-07-03 15:07:52
7914,,Municipalité 7914,,-71.081017,46.885721,18,2026-04-03 16:36:54,2026-06-26 16:13:13
7917,,Municipalité 7917,,-70.57843,46.895202,4,2026-05-11 16:30:45,2026-06-19 00:23:53
7920,,Municipalité 7920,,-71.612221,46.222903,21,2026-05-02 02:28:52,2026-06-29 17:33:07
7926,,Municipalité 7926,,-71.213913,46.254987,15,2026-04-03 19:36:32,2026-06-25 00:08:09
7929,,Municipalité 7929,,-64.215584,48.635085,7,2026-04-09 13:21:31,2026-04-20 12:01:52
7930,,Municipalité 7930,,-69.029454,47.788056,2,2026-06-07 13:46:14,2026-06-07 15:22:13
7935,,Municipalité 7935,,-72.205886,46.494507,14,2026-05-07 16:10:49,2026-05-16 02:39:01
7938,,Municipalité 7938,,-74.251916,45.522149,30,2026-04-01 11:51:29,2026-05-31 20:56:01
7944,,Municipalité 7944,,-79.156297,47.248565,1,2026-06-02 14:49:38,2026-06-02 14:49:38
7950,,Municipalité 7950,,-74.329667,45.30327,16,2026-05-22 22:04:37,2026-07-03 06:28:29
7953,,Municipalité 7953,,-72.364588,48.586135,11,2026-04-11 05:58:58,2026-07-02 17:43:21
7959,,Municipalité 7959,,-72.266693,46.619624,5,2026-04-20 21:43:16,2026-06-30 14:11:56
7962,,Municipalité 7962,,-70.465951,46.226619,17,2026-05-12 14:14:57,2026-07-04 00:11:27
7965,,Municipalité 7965,,-70.744064,46.785014,21,2026-03-31 02:05:58,2026-07-01 21:24:44
7971,,Municipalité 7971,,-67.351372,48.346265,2,2026-05-10 10:11:11,2026-06-11 16:52:01
7974,,Municipalité 7974,,-72.313584,46.16192,1,2026-05-17 09:02:48,2026-05-17 09:02:48
7980,,Municipalité 7980,,-71.80319,46.885992,115,2026-03-31 13:12:19,2026-07-03 22:58:54
7983,,Municipalité 7983,,-71.883645,46.9257,13,2026-04-04 15:28:38,2026-06-02 21:45:54
7986,,Municipalité 7986,,-71.315578,46.689498,11,2026-05-27 11:46:26,2026-06-26 03:23:10
7989,,Municipalité 7989,,-74.598187,45.00787,105,2026-04-13 05:38:47,2026-06-29 17:33:07
7992,,Municipalité 7992,,-73.621367,45.266859,51,2026-03-31 14:59:08,2026-06-26 13:08:34
7998,,Municipalité 7998,,-72.388182,46.900976,17,2026-04-13 17:57:33,2026-06-29 00:05:16
8004,,Municipalité 8004,,-71.858223,45.838762,8,2026-04-08 15:07:13,2026-07-03 15:07:52
8008,,Municipalité 8008,,-70.617554,46.021487,3,2026-04-12 05:21:28,2026-04-12 08:43:31
8011,,Municipalité 8011,,-67.401466,48.71367,9,2026-03-31 13:12:19,2026-06-16 18:03:36
8014,,Municipalité 8014,,-72.997347,45.986755,26,2026-03-31 16:10:30,2026-06-26 18:29:03
8020,,Municipalité 8020,,-73.617632,45.815024,3,2026-04-09 20:45:25,2026-06-11 16:52:01
8032,,Municipalité 8032,,-72.788701,46.895627,8,2026-05-17 14:53:29,2026-06-29 14:45:54
8035,,Municipalité 8035,,-73.164832,45.890087,10,2026-04-02 23:33:15,2026-06-29 17:33:07
8038,,Municipalité 8038,,-70.159483,47.313732,11,2026-04-29 17:25:38,2026-06-09 00:02:50
8041,,Municipalité 8041,,-71.101526,45.808116,15,2026-04-01 18:58:07,2026-07-03 06:28:29
8044,,Municipalité 8044,,-71.243669,46.748539,45,2026-04-01 15:01:48,2026-06-29 22:53:16
8047,,Municipalité 8047,,-72.017962,46.162852,36,2026-03-31 08:55:49,2026-07-04 00:11:27
8053,,Municipalité 8053,,-72.210045,46.067351,16,2026-04-09 15:20:27,2026-06-23 17:16:40
8059,,Municipalité 8059,,-74.21089,45.879338,126,2026-03-31 17:54:54,2026-07-04 04:32:20
8065,,Municipalité 8065,,-74.154464,45.8958,15,2026-04-02 11:52:31,2026-06-28 04:23:32
8068,,Municipalité 8068,,-73.141444,45.136803,20,2026-04-15 15:04:01,2026-07-03 15:07:52
8080,,Municipalité 8080,,-72.910636,46.38453,1,2026-05-21 06:57:11,2026-05-21 06:57:11
8083,,Municipalité 8083,,-71.026926,46.352314,24,2026-04-01 02:14:04,2026-07-01 14:47:45
8086,,Municipalité 8086,,-72.497626,46.66242,4,2026-04-30 10:52:51,2026-05-05 23:01:40
8089,,Municipalité 8089,,-69.87841,47.850932,12,2026-03-31 13:12:19,2026-07-02 15:12:17
8092,,Municipalité 8092,,-65.583825,48.088674,5,2026-04-23 13:22:24,2026-06-23 14:56:28
8095,,Municipalité 8095,,-69.878629,47.845937,3,2026-04-15 19:12:43,2026-05-28 18:08:30
8104,,Municipalité 8104,,-72.85579,45.700103,6,2026-04-16 16:20:52,2026-05-30 04:50:50
8110,,Municipalité 8110,,-70.641557,46.204231,3,2026-04-14 14:48:49,2026-06-02 14:49:38
8113,,Municipalité 8113,,-72.388762,46.628426,7,2026-03-30 22:32:57,2026-05-10 20:59:07
8128,,Municipalité 8128,,-72.161904,48.961738,1,2026-06-29 17:33:07,2026-06-29 17:33:07
8131,,Municipalité 8131,,-74.145167,45.190178,30,2026-04-06 05:21:27,2026-05-30 00:07:13
8134,,Municipalité 8134,,-73.372451,45.810686,30,2026-04-19 20:34:23,2026-07-04 05:46:45
8143,,Municipalité 8143,,-72.213659,46.248589,13,2026-05-30 04:50:50,2026-06-19 06:14:49
8155,,Municipalité 8155,,-71.191804,46.374723,16,2026-04-09 21:42:37,2026-06-09 17:59:59
8158,,Municipalité 8158,,-74.414209,45.29914,62,2026-04-10 11:45:00,2026-07-01 19:49:03
8161,,Municipalité 8161,,-67.397703,48.568719,1,2026-05-20 21:49:37,2026-05-20 21:49:37
8164,,Municipalité 8164,,-72.585361,45.687849,17,2026-05-09 13:10:42,2026-07-02 06:39:05
8170,,Municipalité 8170,,-72.661381,46.598514,14,2026-04-01 15:01:48,2026-06-30 17:04:25
8173,,Municipalité 8173,,-70.412469,45.920409,33,2026-04-05 07:02:08,2026-06-25 17:09:44
8176,,Municipalité 8176,,-73.31798,46.037475,28,2026-04-08 18:09:49,2026-06-30 00:00:58
8182,,Municipalité 8182,,-73.31567,45.045752,25,2026-04-10 13:03:29,2026-07-02 02:55:23
8188,,Municipalité 8188,,-72.994109,45.670653,42,2026-03-30 14:24:45,2026-07-03 06:28:29
8197,,Municipalité 8197,,-72.707857,48.924739,2,2026-04-24 23:36:44,2026-05-22 06:52:20
8203,,Municipalité 8203,,-72.190764,46.686836,2,2026-04-27 13:46:16,2026-06-01 03:42:14
8206,,Municipalité 8206,,-74.063975,45.279225,25,2026-03-31 07:09:22,2026-06-28 20:57:54
8215,,Municipalité 8215,,-72.616463,46.674178,7,2026-04-18 18:43:34,2026-07-03 19:15:32
8221,,Municipalité 8221,,-72.573006,46.747343,18,2026-04-11 02:00:33,2026-06-26 18:29:03
8224,,Municipalité 8224,,-72.563395,46.726563,12,2026-04-01 07:16:43,2026-06-26 13:08:34
8227,,Municipalité 8227,,-70.800388,47.113465,10,2026-04-07 15:05:40,2026-05-20 16:22:40
8230,,Municipalité 8230,,-72.267622,46.809772,23,2026-04-03 14:03:39,2026-05-25 17:40:43
8236,,Municipalité 8236,,-67.705274,48.751167,16,2026-04-05 13:53:26,2026-06-07 23:02:03
8245,,Municipalité 8245,,-73.734605,45.217231,21,2026-04-08 18:09:49,2026-07-01 19:49:03
8254,,Municipalité 8254,,-73.326104,45.120401,9,2026-04-17 11:50:19,2026-05-21 23:00:57
8257,,Municipalité 8257,,-72.116233,46.098914,18,2026-04-13 10:01:53,2026-06-19 17:21:03
8263,,Municipalité 8263,,-68.604961,48.348938,2,2026-04-21 02:23:23,2026-05-20 19:22:01
8266,,Municipalité 8266,,-72.720751,45.555706,31,2026-04-10 10:52:21,2026-07-03 21:01:21
8269,,Municipalité 8269,,-70.810217,46.888419,13,2026-04-29 17:25:38,2026-06-25 11:39:45
8275,,Municipalité 8275,,-71.482546,45.143598,5,2026-06-20 13:54:54,2026-06-20 21:14:25
8278,,Municipalité 8278,,-73.153382,46.146788,7,2026-07-03 06:28:29,2026-07-03 21:01:21
8284,,Municipalité 8284,,-70.917011,46.141849,14,2026-04-08 13:15:26,2026-06-24 06:46:25
8287,,Municipalité 8287,,-73.657282,45.607036,52,2026-03-31 05:07:04,2026-07-02 15:12:17
8296,,Municipalité 8296,,-79.237394,48.895277,4,2026-05-29 22:27:22,2026-06-25 21:29:14
8302,,Municipalité 8302,,-72.305547,46.149026,11,2026-04-08 15:07:13,2026-06-02 18:37:09
8317,,Municipalité 8317,,-70.328458,46.109523,59,2026-04-05 05:09:39,2026-06-19 21:07:03
8320,,Municipalité 8320,,-73.79001,46.580603,42,2026-03-30 16:04:18,2026-07-03 06:28:29
8329,,Municipalité 8329,,-72.627363,46.032509,21,2026-04-30 10:52:51,2026-07-04 05:46:45
8338,,Municipalité 8338,,-74.275683,45.230631,31,2026-04-08 13:15:26,2026-06-30 23:08:18
8344,,Municipalité 8344,,-72.886502,45.093994,28,2026-04-13 10:01:53,2026-07-03 21:01:21
8350,,Municipalité 8350,,-73.019709,45.097442,5,2026-04-02 14:53:20,2026-06-19 00:23:53
8356,,Municipalité 8356,,-72.240368,45.090479,170,2026-04-03 12:58:21,2026-07-03 15:07:52
8359,,Municipalité 8359,,-72.021839,45.090205,59,2026-03-30 17:52:30,2026-06-07 08:51:55
8362,,Municipalité 8362,,-72.114286,45.015404,22,2026-04-15 15:04:01,2026-07-03 02:38:45
8367,,Municipalité 8367,,-71.64128,46.887889,2,2026-06-18 22:04:06,2026-06-19 00:23:53
8368,,Municipalité 8368,,-66.420182,49.135505,26,2026-03-30 23:32:09,2026-07-02 17:43:21
8371,,Municipalité 8371,,-75.35459,46.886973,15,2026-04-08 18:09:49,2026-07-04 05:46:45
8374,,Municipalité 8374,,-71.597061,46.836327,41,2026-03-30 14:24:45,2026-07-02 15:12:17
8377,,Municipalité 8377,,-73.716089,45.972264,184,2026-04-02 13:07:00,2026-07-03 22:58:54
8389,,Municipalité 8389,,-73.781472,45.599611,215,2026-03-30 14:24:45,2026-07-03 19:15:32
8392,,Municipalité 8392,,-75.872418,46.267133,123,2026-04-05 02:09:19,2026-06-22 17:28:40
8395,,Municipalité 8395,,-74.124776,45.958828,235,2026-03-31 02:05:58,2026-07-04 00:11:27
8398,,Municipalité 8398,,-74.29745,46.100824,71,2026-04-07 15:05:40,2026-07-04 05:46:45
8401,,Municipalité 8401,,-74.294955,46.045863,77,2026-03-31 07:09:22,2026-07-04 00:11:27
8404,,Municipalité 8404,,-74.248058,46.045825,50,2026-03-30 17:52:30,2026-07-03 21:01:21
8410,,Municipalité 8410,,-71.419961,46.339806,11,2026-05-26 05:00:36,2026-06-24 22:14:08
8422,,Municipalité 8422,,-73.062964,46.382015,3,2026-04-05 13:53:26,2026-07-02 23:01:48
8425,,Municipalité 8425,,-73.126529,45.385069,12,2026-04-22 07:28:40,2026-07-03 15:07:52
8437,,Municipalité 8437,,-68.041213,48.545092,1,2026-05-24 09:19:54,2026-05-24 09:19:54
8446,,Municipalité 8446,,-73.236116,45.217322,43,2026-04-05 07:02:08,2026-06-11 12:42:32
8467,,Municipalité 8467,,-72.372454,45.401957,2,2026-05-22 16:22:35,2026-06-16 18:03:36
8470,,Municipalité 8470,,-69.999843,47.347152,7,2026-04-04 11:27:17,2026-06-13 16:17:34
8476,,Municipalité 8476,,-70.920788,47.035213,11,2026-03-30 22:32:57,2026-06-16 01:44:51
8482,,Municipalité 8482,,-72.246583,46.604266,16,2026-03-30 18:56:23,2026-06-29 00:05:16
8485,,Municipalité 8485,,-69.0949,48.63845,17,2026-03-31 18:58:59,2026-05-07 16:10:49
8488,,Municipalité 8488,,-73.058483,46.058282,19,2026-04-27 11:01:13,2026-07-04 00:11:27
8497,,Municipalité 8497,,-74.124591,45.855232,38,2026-04-16 18:06:46,2026-06-24 22:14:08
8500,,Municipalité 8500,,-73.814512,45.761663,76,2026-04-09 13:21:31,2026-06-28 17:05:38
8506,,Municipalité 8506,,-71.191067,46.072493,5,2026-06-10 23:38:41,2026-06-25 23:14:48
8509,,Municipalité 8509,,-72.158663,46.188788,20,2026-04-23 02:24:51,2026-07-03 02:38:45
8518,,Municipalité 8518,,-70.16889,46.812682,9,2026-05-06 21:54:27,2026-06-24 18:49:05
8521,,Municipalité 8521,,-70.326631,46.195482,18,2026-04-29 08:11:48,2026-06-22 17:28:40
8524,,Municipalité 8524,,-74.217646,45.171392,36,2026-04-06 05:21:27,2026-06-28 20:57:54
8527,,Municipalité 8527,,-73.626829,46.18384,51,2026-04-21 13:19:48,2026-07-04 00:11:27
8533,,Municipalité 8533,,-68.481478,48.368452,1,2026-04-17 14:53:32,2026-04-17 14:53:32
8536,,Municipalité 8536,,-73.009957,45.353451,3,2026-06-23 19:58:18,2026-06-25 21:29:14
8545,,Municipalité 8545,,-71.192549,47.022061,14,2026-03-31 18:58:59,2026-06-26 16:13:13
8548,,Municipalité 8548,,-72.472928,46.031685,22,2026-04-04 10:30:12,2026-07-03 21:01:21
8554,,Municipalité 8554,,-73.573278,45.397964,47,2026-04-02 18:53:50,2026-07-03 19:15:32
8572,,Municipalité 8572,,-72.052248,45.213086,23,2026-03-30 17:52:30,2026-06-09 00:02:50
8575,,Municipalité 8575,,-76.014828,45.704159,499,2026-04-01 09:01:09,2026-07-02 23:01:48
8581,,Municipalité 8581,,-72.774852,45.48465,12,2026-04-20 14:46:52,2026-07-03 06:28:29
8590,,Municipalité 8590,,-72.150381,46.453883,7,2026-05-15 11:53:27,2026-06-28 17:05:38
8593,,Municipalité 8593,,-70.886725,45.67211,13,2026-05-13 16:16:09,2026-07-04 00:11:27
8596,,Municipalité 8596,,-71.965282,46.827065,13,2026-04-22 13:20:49,2026-06-18 22:04:06
8599,,Municipalité 8599,,-72.403226,45.593416,7,2026-04-01 02:14:04,2026-06-30 14:11:56
8602,,Municipalité 8602,,-70.838105,46.584292,32,2026-04-01 05:21:53,2026-07-03 12:06:50
8611,,Municipalité 8611,,-71.063488,46.128495,2,2026-05-21 06:57:11,2026-05-27 15:33:26
8614,,Municipalité 8614,,-72.259274,45.987985,43,2026-04-01 13:15:40,2026-07-02 12:54:46
8629,,Municipalité 8629,,-73.670661,45.155083,52,2026-04-10 17:45:20,2026-06-19 22:53:34
8632,,Municipalité 8632,,-71.732149,46.616955,1,2026-05-11 13:46:29,2026-05-11 13:46:29
8635,,Municipalité 8635,,-71.784021,46.622116,15,2026-04-08 02:07:15,2026-05-20 21:49:37
8641,,Municipalité 8641,,-73.81525,45.527238,150,2026-03-31 16:10:30,2026-07-04 04:45:52
8650,,Municipalité 8650,,-73.367183,46.081558,27,2026-04-05 07:02:08,2026-06-05 23:05:11
8656,,Municipalité 8656,,-72.090265,45.946534,12,2026-04-14 09:15:09,2026-06-20 05:10:11
8662,,Municipalité 8662,,-71.88262,49.019476,11,2026-05-19 18:57:48,2026-06-27 00:03:12
8665,,Municipalité 8665,,-73.610518,46.321479,50,2026-04-02 20:32:39,2026-07-01 11:58:30
8674,,Municipalité 8674,,-72.241525,46.123162,4,2026-04-22 02:13:04,2026-07-02 12:54:46
8680,,Municipalité 8680,,-70.425846,46.780398,65,2026-05-05 18:08:18,2026-06-23 17:16:40
8683,,Municipalité 8683,,-70.963039,46.96735,14,2026-04-15 15:04:01,2026-06-07 23:02:03
8686,,Municipalité 8686,,-69.967632,46.993953,2,2026-04-17 02:14:08,2026-04-17 05:25:26
8692,,Municipalité 8692,,-67.259928,48.916691,9,2026-04-15 15:04:01,2026-07-03 21:01:21
8695,,Municipalité 8695,,-68.183788,48.614931,15,2026-04-07 15:05:40,2026-05-29 13:57:41
8701,,Municipalité 8701,,-67.20732,48.238476,5,2026-05-20 21:49:37,2026-06-29 14:45:54
8707,,Municipalité 8707,,-69.016794,48.091268,2,2026-04-30 22:55:34,2026-04-30 23:51:25
8710,,Municipalité 8710,,-71.943313,46.466861,22,2026-03-30 18:56:23,2026-07-02 23:01:48
8713,,Municipalité 8713,,-72.328293,46.529376,40,2026-04-03 15:37:36,2026-06-28 19:14:02
8722,,Municipalité 8722,,-73.189586,46.081238,35,2026-03-31 16:10:30,2026-07-04 00:11:27
8728,,Municipalité 8728,,-79.070492,48.568696,18,2026-04-13 02:26:56,2026-07-03 19:15:32
8731,,Municipalité 8731,,-64.886023,48.194369,7,2026-04-09 15:20:27,2026-05-17 16:57:17
8743,,Municipalité 8743,,-78.401145,48.51802,3,2026-04-08 11:53:14,2026-05-01 14:52:50
8746,,Municipalité 8746,,-72.381031,48.404751,10,2026-04-09 21:42:37,2026-06-21 22:11:35
8752,,Municipalité 8752,,-69.663696,47.552073,1,2026-04-07 15:05:40,2026-04-07 15:05:40
8755,,Municipalité 8755,,-71.238509,46.654087,11,2026-04-07 17:56:54,2026-06-26 22:09:34
8758,,Municipalité 8758,,-72.738548,45.732987,25,2026-04-03 08:50:29,2026-06-21 16:28:05
8761,,Municipalité 8761,,-70.993903,46.551553,14,2026-04-05 16:33:21,2026-07-02 06:39:05
8767,,Municipalité 8767,,-72.014358,48.92098,5,2026-05-26 16:39:29,2026-06-16 23:22:05
8788,,Municipalité 8788,,-73.33467,45.58657,88,2026-04-01 05:21:53,2026-07-03 12:06:50
8800,,Municipalité 8800,,-70.338881,46.412402,17,2026-04-12 14:50:34,2026-07-04 00:11:27
8803,,Municipalité 8803,,-74.429061,45.344938,24,2026-05-02 23:39:40,2026-06-21 18:17:37
8806,,Municipalité 8806,,-70.103409,47.275584,29,2026-04-17 18:56:30,2026-06-19 22:53:34
8809,,Municipalité 8809,,-68.36155,48.545512,16,2026-03-30 17:52:30,2026-07-03 09:54:18
8812,,Municipalité 8812,,-74.184872,46.12034,68,2026-03-30 21:39:31,2026-07-04 05:46:45
8815,,Municipalité 8815,,-70.018052,46.737156,7,2026-04-18 22:31:29,2026-07-01 03:30:45
8818,,Municipalité 8818,,-65.345603,49.246809,20,2026-03-31 14:59:08,2026-04-22 13:20:49
8821,,Municipalité 8821,,-73.09787,45.593911,11,2026-04-09 19:01:51,2026-07-02 19:19:32
8824,,Municipalité 8824,,-73.613507,46.125335,20,2026-04-22 15:11:00,2026-07-03 22:58:54
8830,,Municipalité 8830,,-74.069322,46.046112,114,2026-04-14 12:04:25,2026-07-04 00:11:27
8833,,Municipalité 8833,,-70.914121,46.507336,11,2026-04-03 15:37:36,2026-06-13 18:05:06
8839,,Municipalité 8839,,-71.019294,46.447438,102,2026-03-30 14:24:45,2026-07-02 06:39:05
8875,,Municipalité 8875,,-74.273501,45.411147,14,2026-04-07 13:16:50,2026-07-03 06:28:29
8881,,Municipalité 8881,,-72.495683,46.393534,30,2026-03-30 14:24:45,2026-07-04 04:45:52
8887,,Municipalité 8887,,-73.94172,45.529648,26,2026-04-16 14:53:03,2026-07-03 12:06:50
8893,,Municipalité 8893,,-73.794601,45.256196,13,2026-04-17 09:14:32,2026-07-01 17:11:20
8899,,Municipalité 8899,,-73.513035,46.106799,80,2026-04-05 20:29:52,2026-06-17 23:42:40
8905,,Municipalité 8905,,-73.954067,45.662876,17,2026-04-12 20:32:30,2026-07-03 21:01:21
8911,,Municipalité 8911,,-71.80078,48.754909,5,2026-04-05 11:27:16,2026-07-02 02:55:23
8914,,Municipalité 8914,,-72.540258,46.161061,7,2026-05-07 14:00:10,2026-07-03 02:38:45
8929,,Municipalité 8929,,-67.583257,48.663794,1,2026-07-02 06:39:05,2026-07-02 06:39:05
8932,,Municipalité 8932,,-72.467365,46.077664,18,2026-04-14 14:48:49,2026-06-23 14:56:28
8935,,Municipalité 8935,,-69.941012,47.029497,14,2026-03-30 19:55:39,2026-06-18 19:24:50
8944,,Municipalité 8944,,-71.239516,45.899265,4,2026-04-08 18:09:49,2026-06-07 15:22:13
8947,,Municipalité 8947,,-72.653967,45.48102,31,2026-04-01 15:01:48,2026-07-03 06:28:29
8956,,Municipalité 8956,,-68.888825,47.968068,6,2026-04-24 17:49:58,2026-05-20 23:09:34
8959,,Municipalité 8959,,-72.917487,45.637645,4,2026-04-16 16:20:52,2026-05-25 15:47:54
8962,,Municipalité 8962,,-72.886232,45.656967,26,2026-04-02 22:29:00,2026-06-16 23:22:05
8977,,Municipalité 8977,,-68.598959,47.540796,8,2026-05-11 16:30:45,2026-06-30 00:00:58
8980,,Municipalité 8980,,-70.621624,48.426928,7,2026-06-19 00:23:53,2026-06-23 23:06:18
8983,,Municipalité 8983,,-70.417333,46.321548,11,2026-04-12 13:59:40,2026-05-26 16:39:29
8989,,Municipalité 8989,,-73.010218,45.226825,22,2026-04-01 13:15:40,2026-06-16 23:22:05
9001,,Municipalité 9001,,-74.036455,45.682249,74,2026-04-02 14:53:20,2026-07-03 17:21:40
9004,,Municipalité 9004,,-72.200198,45.898783,5,2026-07-01 14:47:45,2026-07-01 23:11:21
9013,,Municipalité 9013,,-73.945303,45.834429,139,2026-03-31 13:12:19,2026-06-28 13:39:23
9019,,Municipalité 9019,,-71.683924,46.145644,15,2026-05-30 00:07:13,2026-06-30 17:04:25
9022,,Municipalité 9022,,-72.112505,46.395609,7,2026-04-02 13:07:00,2026-04-05 17:28:07
9025,,Municipalité 9025,,-72.541968,46.854336,19,2026-04-04 17:27:29,2026-06-28 11:04:25
9031,,Municipalité 9031,,-73.27535,45.75129,8,2026-07-02 23:01:48,2026-07-03 19:15:32
9034,,Municipalité 9034,,-73.840788,45.642996,203,2026-04-08 13:15:26,2026-07-03 21:01:21
9040,,Municipalité 9040,,-64.404012,48.412927,4,2026-05-20 00:01:18,2026-06-26 10:48:06
9046,,Municipalité 9046,,-73.034499,46.293518,22,2026-04-23 13:22:24,2026-07-03 15:07:52
9049,,Municipalité 9049,,-73.107328,45.97226,10,2026-04-10 14:45:05,2026-06-11 08:42:56
9058,,Municipalité 9058,,-71.855649,45.500753,46,2026-04-02 17:02:27,2026-07-01 17:11:20
9070,,Municipalité 9070,,-71.390356,47.055026,75,2026-03-30 14:24:45,2026-06-27 00:03:12
9073,,Municipalité 9073,,-71.271015,45.761627,15,2026-05-04 17:48:23,2026-06-19 17:21:03
9076,,Municipalité 9076,,-70.852262,46.73813,11,2026-05-12 09:34:49,2026-06-22 12:47:02
9079,,Municipalité 9079,,-71.567032,45.833817,1,2026-05-23 04:36:53,2026-05-23 04:36:53
9088,,Municipalité 9088,,-74.913866,45.94791,9,2026-05-05 23:01:40,2026-07-02 02:55:23
9094,,Municipalité 9094,,-77.852089,48.22055,2,2026-06-13 22:00:55,2026-06-22 17:28:40
9100,,Municipalité 9100,,-69.163146,47.454489,2,2026-04-11 13:54:08,2026-04-11 13:54:08
9103,,Municipalité 9103,,-72.591089,45.112528,14,2026-04-05 08:39:31,2026-06-25 14:25:02
9106,,Municipalité 9106,,-72.568851,45.119364,143,2026-04-03 20:33:10,2026-06-27 23:58:46
9109,,Municipalité 9109,,-71.563896,48.576777,6,2026-04-03 23:31:14,2026-06-23 00:02:40
9115,,Municipalité 9115,,-78.714304,48.652028,8,2026-04-16 14:53:03,2026-04-29 15:10:34
9124,,Municipalité 9124,,-79.009316,46.77164,89,2026-04-09 21:42:37,2026-07-03 22:58:54
9130,,Municipalité 9130,,-79.093849,46.78836,111,2026-03-30 18:56:23,2026-07-03 22:58:54
9157,,Municipalité 9157,,-73.986701,45.390631,10,2026-04-06 11:46:24,2026-05-23 16:04:17
9160,,Municipalité 9160,,-73.708107,45.697737,253,2026-04-07 13:16:50,2026-07-04 00:11:27
9165,,Municipalité 9165,,-76.208564,51.86315,146,2026-04-03 10:40:52,2026-07-04 05:46:45
9169,,Municipalité 9169,,-71.298223,46.102091,56,2026-04-02 11:52:31,2026-07-02 17:43:21
9172,,Municipalité 9172,,-71.269924,46.081504,12,2026-04-09 15:20:27,2026-07-02 23:01:48
9175,,Municipalité 9175,,-76.414302,45.776566,134,2026-04-02 20:32:39,2026-07-02 02:55:23
9178,,Municipalité 9178,,-75.244202,45.60882,3,2026-04-18 21:32:05,2026-04-18 23:31:51
9181,,Municipalité 9181,,-71.924305,45.87766,21,2026-04-02 23:33:15,2026-06-26 18:29:03
9193,,Municipalité 9193,,-70.000862,47.088726,3,2026-05-07 21:54:56,2026-06-25 14:25:02
9199,,Municipalité 9199,,-78.266902,48.598809,4,2026-04-16 14:53:03,2026-06-14 05:29:08
9200,,Municipalité 9200,,-71.09611,48.463984,11,2026-05-06 14:02:30,2026-06-17 21:58:30
9203,,Municipalité 9203,,-74.360525,45.430434,22,2026-04-08 20:48:56,2026-06-26 10:48:06
9212,,Municipalité 9212,,-73.852605,45.178703,11,2026-05-14 22:08:23,2026-06-22 12:47:02
9218,,Municipalité 9218,,-70.985933,46.264233,4,2026-03-30 22:32:57,2026-05-25 12:26:54
9221,,Municipalité 9221,,-68.446812,48.149889,6,2026-04-10 14:45:05,2026-06-14 21:08:10
9230,,Municipalité 9230,,-69.178665,48.126867,8,2026-04-01 20:54:50,2026-07-04 00:11:27
9233,,Municipalité 9233,,-72.580479,46.353207,158,2026-03-30 14:24:45,2026-07-01 19:49:03
9239,,Municipalité 9239,,-72.592191,46.328201,74,2026-03-31 13:12:19,2026-07-03 15:07:52
9245,,Municipalité 9245,,-75.00593,46.530228,101,2026-04-04 21:29:04,2026-07-04 00:11:27
9251,,Municipalité 9251,,-72.258524,45.711412,15,2026-04-02 14:53:20,2026-06-12 23:14:26
9254,,Municipalité 9254,,-72.678955,45.645166,7,2026-04-07 17:56:54,2026-06-22 17:28:40
9257,,Municipalité 9257,,-75.355346,46.508248,31,2026-04-16 18:06:46,2026-07-03 21:01:21
9260,,Municipalité 9260,,-67.5833,48.526141,20,2026-05-10 18:58:10,2026-07-04 05:46:45
9263,,Municipalité 9263,,-64.322769,48.510254,1,2026-05-21 06:57:11,2026-05-21 06:57:11
9266,,Municipalité 9266,,-77.702876,48.060791,137,2026-04-09 20:45:25,2026-07-01 03:30:45
9272,,Municipalité 9272,,-74.208646,46.030893,78,2026-04-11 17:28:41,2026-07-04 00:11:27
9275,,Municipalité 9275,,-75.586785,45.906364,66,2026-04-19 02:26:37,2026-07-04 05:46:45
9281,,Municipalité 9281,,-74.317354,46.191393,2,2026-05-12 02:45:18,2026-05-29 20:20:48
9290,,Municipalité 9290,,-74.182267,46.003574,43,2026-03-30 17:52:30,2026-07-03 15:07:52
9296,,Municipalité 9296,,-77.728493,48.175305,33,2026-04-14 18:02:16,2026-06-25 23:14:48
9302,,Municipalité 9302,,-71.763332,46.429663,8,2026-04-20 14:46:52,2026-05-07 16:10:49
9305,,Municipalité 9305,,-71.447957,46.842178,123,2026-03-30 18:56:23,2026-07-03 15:07:52
9311,,Municipalité 9311,,-71.134526,45.457039,29,2026-04-06 23:33:02,2026-06-18 22:04:06
9314,,Municipalité 9314,,-72.314433,45.531255,21,2026-04-05 07:02:08,2026-06-26 13:08:34
9317,,Municipalité 9317,,-70.944033,46.367301,20,2026-04-05 08:39:31,2026-07-01 23:11:21
9320,,Municipalité 9320,,-71.26284,46.819754,20,2026-04-07 13:16:50,2026-07-01 14:47:45
9326,,Municipalité 9326,,-73.418385,45.681318,97,2026-03-30 17:52:30,2026-07-02 15:12:17
9338,,Municipalité 9338,,-77.939624,48.246515,15,2026-04-07 16:54:59,2026-06-25 14:25:02
9344,,Municipalité 9344,,-74.065289,45.403269,133,2026-03-31 05:07:04,2026-07-02 17:43:21
9347,,Municipalité 9347,,-74.033842,45.419802,7,2026-05-02 11:42:23,2026-06-12 12:16:48
9350,,Municipalité 9350,,-73.136422,45.077855,23,2026-05-27 11:46:26,2026-07-03 12:06:50
9356,,Municipalité 9356,,-73.346167,45.765176,40,2026-03-30 14:24:45,2026-07-03 02:38:45
9359,,Municipalité 9359,,-71.963555,46.060798,159,2026-03-31 18:58:59,2026-07-03 21:01:21
9368,,Municipalité 9368,,-74.084453,45.324074,37,2026-04-18 08:44:00,2026-06-19 17:21:03
9371,,Municipalité 9371,,-73.847222,45.620919,194,2026-03-30 14:24:45,2026-07-03 21:01:21
9380,,Municipalité 9380,,-79.439239,47.335309,5,2026-04-01 13:15:40,2026-07-01 14:47:45
9395,,Municipalité 9395,,-71.892058,46.359491,13,2026-04-01 02:14:04,2026-04-22 20:03:15
9404,,Municipalité 9404,,-73.720238,45.601514,99,2026-03-30 14:24:45,2026-07-03 12:06:50
9431,,Municipalité 9431,,-75.674258,45.682806,498,2026-04-01 13:15:40,2026-07-03 06:28:29
9437,,Municipalité 9437,,-76.974235,45.911966,75,2026-04-22 15:11:00,2026-07-03 12:06:50
9440,,Municipalité 9440,,-72.509128,45.370072,1,2026-06-15 03:56:11,2026-06-15 03:56:11
9443,,Municipalité 9443,,-72.017119,45.944381,23,2026-04-10 14:45:05,2026-06-30 08:35:15
9446,,Municipalité 9446,,-71.989291,45.951811,5,2026-04-02 14:53:20,2026-04-28 18:15:38
9453,,Municipalité 9453,,-75.961576,49.69764,11,2026-04-03 10:40:52,2026-04-28 22:54:56
9454,,Municipalité 9454,,-78.743134,51.480693,22,2026-05-15 21:57:03,2026-06-29 10:50:47
9455,,Municipalité 9455,,-72.527437,45.337738,13,2026-04-08 15:07:13,2026-06-26 16:13:13
9458,,Municipalité 9458,,-71.879927,45.284148,20,2026-04-24 15:05:41,2026-06-15 10:23:10
9461,,Municipalité 9461,,-71.421868,45.69253,71,2026-04-03 22:30:04,2026-06-19 17:21:03
9467,,Municipalité 9467,,-72.413605,45.868993,20,2026-04-16 20:55:34,2026-07-03 21:01:21
9470,,Municipalité 9470,,-74.364144,45.77577,42,2026-04-03 02:03:43,2026-06-21 22:11:35
9472,,Municipalité 9472,,-74.443103,45.75671,2,2026-04-02 18:53:50,2026-04-02 19:49:12
9473,,Municipalité 9473,,-74.426381,45.868748,31,2026-04-01 23:33:56,2026-06-30 14:11:56
9479,,Municipalité 9479,,-71.610705,45.471268,14,2026-05-05 18:08:18,2026-06-20 23:04:37
9485,,Municipalité 9485,,-72.501682,45.755066,17,2026-04-22 18:00:32,2026-07-02 02:55:23
9486,,Municipalité 9486,,-72.009584,45.582376,25,2026-04-18 21:32:05,2026-06-27 07:46:37
9488,,Municipalité 9488,,-71.983034,45.578653,31,2026-04-08 20:48:56,2026-07-03 21:01:21
9506,,Municipalité 9506,,-78.568083,47.580423,9,2026-04-21 15:10:19,2026-04-21 18:00:32
9512,,Municipalité 9512,,-71.148821,45.685319,3,2026-06-14 00:03:37,2026-06-18 16:27:09
9515,,Municipalité 9515,,-69.72407,47.482327,2,2026-06-24 20:45:59,2026-06-24 22:14:08
9518,,Municipalité 9518,,-71.815659,45.750153,32,2026-04-05 05:09:39,2026-07-01 23:11:21
9530,,Municipalité 9530,,-76.088441,46.091985,278,2026-03-31 16:10:30,2026-07-03 15:07:52
9533,,Municipalité 9533,,-72.855935,46.296443,8,2026-05-07 11:07:58,2026-07-02 23:01:48
9601,,Municipalité 9601,,-70.830554,48.664784,9,2026-04-10 02:12:11,2026-07-04 00:11:27
9604,,Municipalité 9604,,-67.372959,52.269681,70,2026-04-06 02:10:27,2026-07-03 21:01:21
9608,,Municipalité 9608,,-66.813675,54.807028,3,2026-05-05 11:59:18,2026-05-05 11:59:18
9618,,Municipalité 9618,,-66.400567,50.224553,11,2026-04-07 20:43:24,2026-04-10 16:47:30
9619,,Municipalité 9619,,-79.494854,47.593281,1,2026-04-20 08:02:20,2026-04-20 08:02:20
9646,,Municipalité 9646,,-61.803533,50.130726,1,2026-06-08 17:20:43,2026-06-08 17:20:43
9647,,Municipalité 9647,,-70.070705,47.965879,1,2026-06-26 20:44:33,2026-06-26 20:44:33
9655,,Municipalité 9655,,-66.851788,54.800656,8,2026-04-19 05:26:24,2026-04-19 13:59:19
9656,,Municipalité 9656,,-77.352701,47.871293,1,2026-06-15 16:15:09,2026-06-15 16:15:09
9660,,Municipalité 9660,,-71.233527,47.862208,1,2026-04-18 22:31:29,2026-04-18 22:31:29
9666,,Municipalité 9666,,-71.239179,47.948394,18,2026-04-07 16:54:59,2026-04-19 16:36:44
9669,,Municipalité 9669,,-74.216319,46.892628,2,2026-06-11 16:52:01,2026-06-11 19:33:17
9692,,Municipalité 9692,,-67.15006,48.491722,7,2026-05-20 21:49:37,2026-07-03 12:06:50
9698,,Municipalité 9698,,-74.144546,49.411464,2,2026-05-31 19:25:58,2026-06-01 09:22:53
9713,,Municipalité 9713,,-69.399615,48.340179,2,2026-05-26 16:39:29,2026-06-08 17:20:43
9715,,Municipalité 9715,,-74.166513,46.126979,1,2026-05-05 18:08:18,2026-05-05 18:08:18
9720,,Municipalité 9720,,-76.261361,46.842828,14,2026-06-11 19:33:17,2026-07-02 17:43:21
9723,,Municipalité 9723,,-71.505744,48.054164,1,2026-05-05 18:08:18,2026-05-05 18:08:18
9760,,Municipalité 9760,,-73.646426,45.404508,3,2026-05-05 18:08:18,2026-06-18 22:04:06
